-1.6639,-0.40589,1
0.45784,-1.8364,1
2.6887,0.526,1
0.0068803,1.9253,0
-0.48753,-2.8437,1
-0.76659,-0.78064,1
-1.4117,-0.22699,1
-0.26239,2.4859,0
1.7625,0.92604,0
1.8604,1.2659,0
-0.26741,1.1411,1
-0.63958,-0.2008,1
-1.2881,0.41691,1
-0.87637,-0.4558,1
-0.010146,-0.84714,1
0.83737,-0.30147,1
-1.7447,-0.0080777,1
1.8721,0.7992,0
1.9104,0.32628,0
1.1689,-1.0428,1
-0.29646,2.2243,1
0.86009,0.1646,1
1.1142,0.67613,1
1.7408,-1.5719,1
-0.30252,-0.060115,1
-1.095,-1.2824,1
1.5713,0.77298,0
0.34529,0.52945,1
1.8714,0.06803,0
-0.81085,1.7894,1
1.188,-3.6399,1
0.13827,-0.86196,1
2.1903,-0.60653,0
0.069475,0.11576,0
0.084757,0.3403,0
-0.0037706,0.20912,0
2.0235,1.1828,0
2.1149,-0.091584,0
-0.13607,-0.3312,1
-0.0057399,1.6146,0
1.7176,1.7763,0
-0.0089359,1.1101,1
1.8688,1.0494,0
-0.28271,1.9224,0
-0.2997,-0.13505,0
0.45015,1.7891,1
1.7795,0.96668,0
2.4848,0.30317,0
-0.041295,0.088752,0
0.15549,0.12655,1
-0.018115,0.044967,1
-0.16345,0.26713,0
-0.04871,2.0672,0
0.14002,0.41263,1
1.8203,0.97436,0
-0.14154,0.17568,1
1.8207,0.74067,0
1.5464,-0.46027,1
0.057628,-0.11842,0
-0.55468,0.098535,0
1.0578,-0.27862,1
1.8403,1.3804,0
-0.040616,-0.12458,1
-0.026344,0.052152,0
-0.19645,-0.4053,1
-0.29935,1.362,1
0.012341,1.9347,0
2.1324,0.20544,0
2.0835,1.9287,0
0.60235,-0.089516,1
-0.95094,-0.78039,1
2.2524,0.51698,0
-0.41466,2.0619,0
-0.3011,2.162,0
-0.16271,0.46518,0
1.9098,1.0249,0
-0.23475,-2.1475,1
-0.8006,-0.035527,1
-1.5671,-0.32638,1
-0.22301,-1.7901,1
0.02771,2.2054,0
2.0229,-0.21614,0
-1.205,0.2536,1
-2.3601,-0.30809,1
-1.4873,-1.5779,1
-0.51835,0.84082,1
-0.21915,-0.16633,0
-0.095224,1.9357,0
0.40216,-0.95762,1
2.1143,1.5023,0
0.52905,-0.428,1
2.4099,1.8463,0
-0.18433,1.8587,0
0.078958,-0.54853,0
-0.65313,-1.2154,1
0.25289,-1.019,1
0.37567,-1.6993,1
1.9897,2.7994,0
2.5004,0.77793,0
1.2744,-0.64076,1
1.8942,2.6282,0
1.8909,-0.1821,0
0.15703,-1.579,1
-0.97443,-0.18176,1
0.00497,1.9454,0
1.971,1.0131,0
0.16026,2.0223,0
2.2035,1.1421,0
0.98753,0.039914,1
1.7879,2.3783,0
0.798,0.040419,1
-0.51205,-2.9685,1
0.058856,-0.065724,0
-0.51868,1.973,0
1.8775,2.1259,0
0.28514,2.4176,0
-3.2919,-1.2224,1
1.2546,-1.1184,1
2.2535,0.94596,0
0.18113,2.5944,0
0.037681,0.32078,0
0.10166,0.093544,0
-0.040184,0.39515,1
-1.7644,-0.065296,1
-1.2574,-1.3123,1
2.363,-0.01391,0
-0.89091,1.1639,1
0.30733,0.096109,0
-0.031903,-0.29057,1
2.1216,0.14064,0
0.70593,-0.19739,1
1.5253,-0.76526,1
-0.25497,-0.10754,1
-0.047821,-0.017922,1
1.754,2.691,0
1.8821,0.385,0
0.14452,-0.25154,1
1.8694,0.40154,0
-0.24424,1.8674,0
0.31524,2.4396,1
-2.8168,0.20659,1
1.965,1.6241,0
1.1207,-0.39734,1
2.0354,-0.28755,0
-0.057794,-0.27619,1
0.86308,1.8213,1
0.13584,2.0852,0
-0.25951,1.8937,0
-1.5779,-0.63955,1
0.063009,2.2014,0
2.1501,-1.5061,0
0.19944,1.9669,0
1.8712,0.48908,0
0.016131,2.03,0
0.54663,-0.23501,1
1.1808,0.070494,1
0.96918,1.293,1
0.13441,2.1857,0
0.54166,0.16324,1
2.2652,-0.84341,1
-0.20725,-0.12915,0
0.39373,-0.3979,1
0.018487,2.4107,0
1.9001,-0.031128,0
-0.078737,2.037,0
-1.2414,1.95,1
-1.0233,0.29136,1
0.021521,-1.1074,1
-0.28973,-0.90311,1
-1.1589,-0.080798,1
0.79856,-0.74872,1
-0.32021,-0.45996,1
-0.16275,-1.3309,1
-0.0011985,1.7262,1
1.9504,-0.36265,0
-1.1304,-1.1261,1
-0.38921,1.1404,1
-0.20603,-0.08144,0
0.25469,-0.012903,0
-0.82683,-0.39213,1
0.2651,2.0317,0
1.753,0.1865,0
1.8924,0.4642,0
1.6613,1.5044,0
-0.10195,1.8727,0
-0.1583,0.7599,1
0.12627,0.098019,0
1.2259,-1.7407,1
-0.75337,-0.10821,1
1.6452,-0.24132,1
-0.039446,-0.080293,0
0.33331,1.0904,1
1.8015,1.8805,0
0.62577,-0.99711,1
-0.50243,0.14215,0
0.80518,-1.4626,1
-2.3267,-0.47966,1
-0.95282,-1.1011,1
-0.74531,0.66446,1
2.1339,0.091841,0
-1.1489,-1.8371,1
1.9694,1.1075,0
1.815,-1.0139,1
0.079067,2.1481,0
-0.10715,2.1079,0
0.55906,1.178,1
2.8478,0.83717,1
0.093572,2.0661,0
-0.76775,-0.014609,1
1.6285,1.5351,0
0.10699,-0.16561,0
-0.2894,-0.13056,0
0.24,0.35209,1
-0.91014,-1.5928,1
-0.53494,1.5186,0
-0.51366,-1.4741,1
2.0165,0.80127,0
0.12255,1.8268,0
1.9161,0.54584,0
2.2412,1.8778,0
0.1347,-0.15531,0
1.3853,0.57438,1
0.1112,-0.39784,0
0.053993,0.089393,1
1.4669,-0.74945,0
0.24318,1.9598,0
-0.48179,-0.092439,1
-0.88793,-0.72765,1
2.0212,1.0272,0
-0.32992,-1.2941,1
-0.32394,-1.4284,1
1.8251,2.5699,0
-0.65536,1.0048,1
1.1096,0.65567,1
0.060942,1.0453,1
2.3171,1.3975,0
2.0247,0.94768,0
2.4235,2.5789,0
0.034408,0.33528,0
1.9618,2.4906,0
-0.081291,0.15574,0
0.74988,0.80231,1
-0.20798,1.2103,1
2.0732,1.8603,0
-0.34255,-0.64213,1
-0.55822,-1.1705,1
-1.1946,0.76394,1
-0.17238,0.17901,0
0.0060553,0.25553,1
1.9846,1.2921,0
1.3723,-1.5106,1
0.13622,1.5419,1
-2.6251,-1.7509,1
0.075851,2.0422,0
0.046779,0.39871,0
0.81249,-0.7282,1
0.14552,2.1788,0
0.65693,0.95202,1
-0.49859,0.73708,1
0.27855,-0.22734,1
0.094488,2.2078,0
2.1127,0.13432,0
0.013089,2.2802,0
0.76043,-0.33641,1
-0.19087,-0.6643,1
2.1273,-0.23704,0
-0.46218,-0.41952,1
1.9993,1.5223,0
0.42241,-1.0436,1
2.114,1.4178,0
-0.11137,1.7834,0
1.9324,2.035,0
0.61748,-0.5755,1
1.8914,0.0076437,0
2.1527,1.647,0
0.37995,-0.97939,1
0.92317,1.8104,1
0.024215,1.9117,0
2.1515,2.4207,0
2.2582,0.94234,0
1.0518,-1.175,1
-0.27381,0.039973,0
-0.094775,0.48311,1
-0.070418,0.065659,0
1.3421,1.5173,1
-0.159,0.26258,0
1.7556,0.28386,0
1.7751,0.88939,0
0.042779,0.96776,1
0.29702,0.28525,0
0.10727,0.38129,0
2.4862,2.0259,0
-1.5641,0.78035,1
0.010653,-0.1702,0
0.12629,-0.031766,0
1.9143,-0.82733,0
0.29827,-1.4313,1
0.19982,2.0033,0
-0.23466,-0.16799,1
-0.37674,-0.004694,0
2.0553,1.9398,0
1.8895,-0.20207,0
1.9383,2.5301,0
2.3674,0.30314,0
-0.0038469,1.9443,0
0.69154,0.9762,1
-1.1709,-0.29797,1
0.24802,0.31499,1
1.4758,-0.81981,1
-0.080655,0.28972,0
0.60355,0.26843,1
-1.3997,0.57391,1
-0.011229,2.0794,0
-1.546,1.6479,1
2.0244,2.3422,0
-0.40466,1.1292,1
0.57978,0.11615,1
-0.22196,-0.13546,1
-0.12658,1.8643,0
-0.1282,1.6207,1
-0.568,0.12648,1
2.0498,0.62779,0
0.23578,1.4888,1
-0.38973,-0.50164,1
1.1313,1.4767,1
-0.10938,1.9299,0
-0.45313,-0.24653,1
0.0090412,2.2288,0
0.81331,1.9579,1
-0.16234,-0.31791,1
1.8737,1.8897,1
2.0419,0.34442,0
1.8485,-0.38706,0
0.24159,-0.12905,0
1.5619,-0.95032,1
-0.52474,0.67797,1
1.9618,0.3357,0
-0.76092,-1.0075,1
-0.064933,0.09248,0
0.77421,-0.036364,1
-0.024224,0.16102,0
1.8759,0.87724,0
0.78696,0.023628,1
2.1687,1.1634,0
2.0453,-0.32516,0
1.475,-0.75086,0
-0.26109,0.10349,1
0.24321,0.0097209,0
-0.41812,0.76719,1
2.0532,-0.48787,0
1.5811,2.1746,0
-1.5786,0.42094,1
0.17323,-0.13224,0
-0.20796,2.3577,0
2.4485,1.6577,0
2.3398,0.58658,0
-1.0914,0.19755,1
0.22743,0.03273,0
0.19145,-0.43723,1
0.38611,0.35805,1
-1.5714,-0.33407,1
2.0473,0.23733,0
1.0876,0.33454,1
-0.092705,-0.035345,0
0.99573,-1.3786,1
1.9023,-0.5,0
-0.18425,-0.95802,1
0.010044,0.44041,1
0.99662,-0.41005,1
-0.78137,-0.088968,1
2.0627,1.6832,0
1.4634,-1.4165,1
0.48342,0.3516,1
0.83499,1.1647,1
0.58513,-0.44975,1
2.3482,0.32261,0
1.2271,0.76349,1
2.058,-0.11553,0
-0.13175,0.174,0
2.3054,1.622,0
-0.85652,-0.82958,1
-0.06467,2.331,0
0.139,0.074794,1
-0.1722,-0.056516,1
0.84204,0.93352,1
0.28854,-0.15614,0
0.28465,0.090593,1
2.0506,-0.018993,0
0.16323,1.8816,0
0.13345,-0.17602,0
1.9484,2.3459,0
0.87488,2.1537,1
0.10181,-0.09821,0
0.14762,1.5998,0
2.03,1.0315,0
0.081384,-0.058979,0
0.075275,2.1136,0
-0.071598,0.20626,0
-0.74018,-1.059,1
1.7623,-0.69106,0
1.8613,0.9274,0
0.49086,1.3752,1
1.5066,1.1983,1
1.7265,-0.71528,1
-1.9512,-0.71108,1
2.2745,-0.5106,0
-0.078456,0.11765,1
-0.15011,0.40283,1
0.12261,0.081436,0
-1.1407,-1.9763,1
-0.34614,0.07803,0
0.55404,-1.2395,1
-0.7794,0.11007,1
0.054594,1.9663,0
1.7236,1.2169,1
-0.1387,2.0241,0
-0.028804,0.46247,1
-0.6024,-0.25215,1
2.0996,1.2553,0
0.081915,0.34347,1
0.090738,-0.2633,1
0.12039,0.12457,0
0.32441,-0.11385,0
-0.65818,1.0797,1
-1.2221,-0.71614,1
-0.2716,1.9217,0
2.2522,1.2357,0
1.9509,1.5383,0
0.80763,1.0511,1
0.079989,-0.04179,0
-0.071322,0.25093,1
2.0951,0.68859,0
2.2471,0.16151,0
-0.45352,1.5969,0
2.1255,-1.4297,0
-0.0039291,0.70395,1
0.05191,0.29247,1
2.1231,-0.53663,0
-0.26231,1.4603,1
-0.07171,0.9498,1
-0.61228,1.1259,1
0.029049,0.0517,0
1.6631,0.94323,0
-0.45324,1.9634,0
2.2301,1.0338,0
1.95,-1.4383,1
0.041609,2.1224,0
1.2291,-0.72898,1
0.25861,2.0589,0
-0.052738,-0.13361,0
1.9611,0.63372,0
1.8097,2.7869,0
2.3902,2.3604,0
2.0997,-0.42666,0
0.70752,-1.3394,1
-0.23523,-0.96836,1
0.16433,-0.30527,1
1.7054,0.2968,0
0.27794,2.0545,0
2.013,2.2775,0
1.6879,-0.46812,0
0.34229,2.2399,0
-0.44023,-0.52839,1
0.032078,2.117,0
2.2959,-0.27221,1
1.7942,0.93408,0
0.60702,-0.71925,1
-0.13909,2.0723,0
-0.065646,-0.64242,1
2.2043,1.5613,0
2.1469,0.46601,0
-0.11497,-0.29642,0
-0.14255,-0.30778,0
-1.4228,0.92668,1
-0.21761,-0.05864,0
0.13484,-0.57894,1
0.20718,2.1148,0
1.0626,1.6061,1
0.019883,-1.4151,1
-0.33177,-0.11989,0
0.24147,0.338,1
-0.11923,0.049788,0
-0.98126,-0.28202,1
0.71414,0.9161,1
2.0094,0.29065,0
1.1558,1.3777,1
0.41983,2.2014,0
-0.17477,-0.16299,0
0.019248,0.41584,0
0.055717,0.29118,0
0.6495,-0.039421,1
0.16166,-0.87627,1
2.0484,1.0642,0
-0.55473,-0.042957,0
1.4892,0.76473,1
-0.33763,0.15438,1
0.030999,1.7698,0
0.24021,-0.054344,0
-0.11611,2.0708,0
-0.2327,2.2285,0
-2.6398,-1.0664,1
-0.3298,-0.26188,1
-1.6287,1.7462,1
2.2249,0.73612,1
2.0364,0.86338,0
-2.1333,-0.99334,1
2.4812,1.5813,0
-1.235,-0.8135,1
-1.0372,-0.16858,1
-0.23804,-0.66584,1
-0.075648,0.11184,0
1.9071,-0.23739,0
0.16963,2.1919,0
0.042654,2.0963,0
0.043118,1.9315,0
-0.3785,0.2185,0
-0.56634,-0.086128,1
0.061556,-0.20225,0
-1.5959,2.2831,1
0.64843,0.95597,1
0.35548,0.15526,1
2.1948,-0.76,0
2.1823,1.994,0
0.10729,0.27367,0
-0.52877,1.6282,1
0.017891,2.185,0
-0.22475,-2.6197,1
-1.7293,1.6951,1
0.050029,0.095351,0
0.97396,-1.76,1
-2.0875,0.53316,1
-0.16349,-0.38935,0
0.43179,1.9049,0
0.97514,0.79631,1
1.8345,1.1862,0
-1.7862,-0.25815,1
0.43233,0.53859,1
0.23186,-0.80991,1
0.31095,0.35432,1
0.77575,-2.6161,1
-0.30892,2.4496,0
-0.077534,1.9684,0
-0.062258,-0.0020235,0
2.0226,-0.49081,0
0.69639,-1.3592,1
-1.6942,-0.1131,1
-0.43303,1.0989,1
-0.17063,1.43,1
0.052161,0.31683,0
-0.77343,1.2303,1
-0.13704,-0.00034022,1
1.0624,-0.46369,1
0.045093,1.7012,0
-0.53337,1.234,1
0.14458,0.01116,0
1.5286,-0.57056,1
-0.66988,0.062893,1
0.26912,2.1797,0
1.7434,0.93363,0
0.18784,-0.15169,1
2.3747,2.8897,0
0.39119,-0.93986,1
-1.6565,-1.9727,1
-0.40871,-0.14465,1
0.23418,1.8022,0
-0.13331,0.29116,0
-0.57486,2.0612,1
2.0188,0.12207,0
-0.19007,1.8785,0
0.55757,1.0101,1
1.2701,-0.075137,1
-0.43021,-1.0309,1
-0.4072,1.945,0
0.76621,-0.77342,1
-0.13947,2.0991,0
0.20067,-0.14951,0
-0.27558,0.55949,1
-0.017323,2.0797,0
-0.061871,0.49187,1
1.8309,1.3154,0
-0.45128,0.85364,1
0.15706,1.1193,1
-0.053343,-0.048313,0
-0.019868,2.0345,0
2.0241,2.6257,0
-0.10168,-0.38168,0
2.3458,0.29917,0
-0.47092,-0.70522,1
0.14818,-0.2502,1
0.39494,0.077849,1
1.9311,1.0329,0
2.189,0.61139,0
0.12167,0.86572,1
1.8989,1.2039,1
1.8856,0.5337,1
-0.57894,0.40762,1
1.9215,0.9102,0
-0.017502,1.9604,0
-1.4449,-0.69948,1
-0.047248,-0.19167,0
0.53595,-0.63467,1
-0.10882,0.89931,1
1.3043,1.5664,1
-1.1648,-1.5624,1
-0.23576,0.024725,0
2.0419,1.6296,0
2.137,2.9415,0
1.8205,0.20484,0
-0.33723,-0.17461,0
-0.32294,0.47607,0
-1.6893,1.8732,1
-0.063353,2.0172,0
0.067846,2.1946,0
0.45686,1.9462,0
2.0876,0.24088,1
-0.077343,-0.3251,1
-0.30035,1.6754,1
-0.086111,2.3587,0
1.8304,2.9362,0
0.073954,2.1004,0
-0.75715,-0.17135,1
0.031179,1.6862,0
1.7893,1.374,0
0.028227,0.05795,1
-0.028175,2.1053,0
2.175,3.1537,0
-0.21812,-1.1565,1
0.06012,0.061786,0
-0.039243,-1.831,1
-0.58477,-0.066829,0
-0.34712,1.7973,0
-0.17385,-0.19536,0
1.8164,3.0372,0
-0.17802,-0.35476,1
2.1669,1.3334,0
0.45985,1.4932,1
2.0865,-0.72255,0
-1.9785,0.2447,1
-1.2598,0.50513,1
0.53935,2.6467,1
2.0018,1.9096,0
-0.22833,2.2245,0
-0.56669,-1.1065,1
0.47415,-0.12734,1
0.014458,0.065686,0
-0.079831,1.9845,0
-0.94801,0.67354,1
-0.42665,-0.92573,1
0.38184,-1.4048,1
0.54709,1.879,0
-0.016593,1.9282,0
0.098006,1.6796,0
0.14154,-0.50086,1
-0.12159,-0.43157,1
-0.29301,2.2461,0
-1.7355,-0.18002,1
2.2008,1.6613,0
-1.0072,-0.066662,1
2.0589,2.0924,0
0.35107,-0.3272,0
-2.6495,-0.81831,1
-0.0060515,-1.1855,1
-0.051669,1.9421,0
-1.3147,0.82257,1
-0.0035056,1.1599,1
2.3142,0.3985,0
-0.71886,0.39044,1
0.47806,-0.32457,1
-0.43565,0.4579,1
-0.75832,-0.7254,1
-0.36003,-0.094585,0
-0.43785,1.1487,1
2.2716,-0.061803,0
-0.07134,2.3063,0
-0.2254,-0.98484,1
-0.074479,-0.082274,0
-0.84018,-0.1633,1
0.15076,-0.53971,1
-0.12115,-0.27073,0
1.7156,1.0176,0
-0.29082,0.02611,1
2.037,0.56945,0
2.3836,-0.93579,1
2.0305,-0.20702,0
1.283,-0.89218,1
1.9067,2.9391,0
2.3079,2.2209,0
2.1919,-0.32103,0
1.9241,1.0776,1
0.08463,1.791,0
0.20413,1.7706,0
0.26187,-0.63815,1
-0.10899,-0.58224,1
0.062233,-0.17525,0
1.9026,0.78738,0
-2.1609,0.76741,1
-0.83482,-1.3561,1
-0.70634,-0.62978,1
2.3836,1.6971,0
1.8509,1.6645,0
0.19308,0.23236,1
1.665,-0.053848,0
-0.17722,2.0491,0
0.12542,2.1653,0
-0.23205,-0.32006,1
-0.158,-0.77355,1
0.16346,-0.08938,0
1.1789,0.60304,1
-1.0438,1.0452,1
1.9638,1.0909,0
0.057616,-0.49963,1
-0.25437,2.2936,0
-0.2872,2.1689,0
-1.2712,0.80941,1
0.14071,2.1125,0
1.9394,0.83652,0
2.002,1.4404,0
0.68291,0.66557,1
0.11801,0.2098,0
-2.1403,-1.3539,1
-1.6853,0.96575,1
-1.1779,2.4773,1
0.158,0.011082,0
-0.28323,-0.22818,0
1.2823,-1.5357,1
-0.11325,1.8899,0
2.4376,0.44661,0
-1.3784,-0.27576,1
-0.066224,0.36314,1
1.8676,1.2427,0
0.29015,0.20756,0
1.6004,2.4517,0
2.1571,0.71569,0
-0.15693,1.2245,1
-0.47883,-0.46412,1
0.27669,1.878,0
-0.31519,-0.030416,0
2.1676,2.05,0
-0.098405,2.107,0
0.30584,0.51076,1
0.056364,1.8887,0
0.23121,-0.092278,0
0.12481,0.094861,1
1.2201,0.17441,1
-0.155,0.52084,0
0.31027,0.60273,1
0.59144,0.72518,1
-0.96999,-2.2058,1
0.1216,0.095883,0
0.36695,0.8551,1
-0.16909,1.9528,0
0.17168,-1.013,1
-0.15008,-0.025068,0
2.1898,-0.11399,0
-0.14037,0.68801,1
1.9934,1.6257,0
0.23788,-0.0078222,0
0.63965,-0.89373,1
1.833,-0.35612,0
0.036885,2.2,0
-2.3014,0.21147,1
-0.062291,0.02928,0
1.8386,0.76576,0
-0.09095,-0.52349,1
-0.26041,-0.57276,1
-1.7021,-1.2011,1
2.0207,1.5952,0
-0.60453,0.72955,1
-0.33701,-0.20286,0
1.8144,0.76923,0
0.12494,0.14005,0
1.151,0.52761,1
0.04423,-1.1531,1
0.10044,1.957,0
0.71682,0.28216,1
2.1846,2.8104,0
1.8824,0.76,0
2.7049,1.7885,1
2.292,0.31624,0
-0.34876,-0.7739,1
1.8451,-0.51272,0
-0.40348,0.079869,0
0.31377,0.030895,1
0.21028,-0.16313,0
-0.058148,2.2726,0
-0.34273,0.010955,0
0.050269,-0.063503,0
-0.071521,-0.065367,0
-0.89666,-0.25933,1
-0.56431,1.1559,1
0.77158,-0.26559,1
-0.075697,-0.92666,1
0.39343,0.049261,0
1.6935,2.0695,0
1.8651,0.70403,0
0.7636,0.64705,1
2.2323,-0.034977,1
-0.27033,0.21303,0
-0.97162,-0.87559,1
-0.64944,-0.21916,0
1.8395,-0.13615,1
1.1476,0.47074,1
2.0516,2.9441,0
1.9551,-1.6197,0
-0.36245,-0.1478,0
-0.56616,-0.96554,1
0.34547,1.7732,1
1.9008,2.5231,0
2.052,1.9358,0
-0.054202,0.011509,1
0.092137,-2.8495,1
-0.21988,2.0703,0
1.9821,1.6334,0
1.3563,1.2204,1
-0.060925,1.8248,0
-0.38421,-1.1254,1
-0.51331,-0.13525,1
0.80691,0.096996,1
2.2639,0.20749,0
-0.046789,-0.089777,0
2.5696,1.8372,0
-0.14856,-1.8955,1
0.47572,-0.31141,1
1.4564,0.38054,1
1.3758,-0.19557,1
-0.020417,1.8835,0
-0.6918,0.46146,1
-0.99144,0.83272,1
0.066467,0.045854,0
2.5014,1.3188,0
-0.13764,-0.74509,1
0.39847,0.49087,1
0.050305,-0.084707,0
0.96127,0.61148,1
2.2348,-0.17676,0
-0.98053,-0.18642,1
0.037803,-0.44094,0
1.8378,2.7894,0
2.281,1.9867,0
1.9634,0.14577,0
0.86203,0.3856,1
1.4817,0.31157,1
1.4086,-0.021808,1
-0.24543,1.3682,1
2.1643,1.9519,0
-0.65826,0.47268,1
-0.0083237,1.8326,0
1.617,-0.61407,0
-0.50739,0.28458,1
2.1121,0.32736,0
-1.5621,1.0624,1
0.99983,0.15248,1
-0.74531,0.75073,1
-0.22636,0.66805,1
0.084477,2.0974,0
-1.902,0.37359,1
2.1475,1.8889,0
-0.36535,1.8199,1
-1.7941,-1.3652,1
1.762,1.457,0
0.75056,-2.5061,1
-0.11758,2.2364,0
-0.74956,0.98654,1
-0.0084911,-0.41111,1
0.20401,1.9802,0
1.8158,1.2135,0
-0.087533,-0.99409,1
0.60288,-1.1594,1
0.55785,-0.20764,1
-0.073861,1.8681,0
1.8602,2.5938,0
0.14484,0.46178,1
-0.24751,-0.22376,0
-0.21735,2.2195,0
0.13205,0.15552,0
0.82834,-0.42165,1
2.1627,2.9579,0
-0.14702,1.8646,0
0.73467,-0.53399,1
1.8461,1.2824,0
0.072103,0.38572,0
2.2719,1.7404,1
0.044525,-0.24624,0
2.2802,2.0459,0
0.67922,1.6507,1
-0.31869,-0.34534,1
-0.12089,1.7645,0
1.8462,2.3076,0
-0.76102,-0.92542,1
2.0388,1.2189,0
-0.21602,0.58692,1
-2.1921,0.32569,1
1.6185,-0.10549,1
-0.081085,2.1759,0
-0.28718,-0.16141,0
-0.21776,1.7311,1
1.884,1.392,0
1.2999,0.23608,1
2.015,1.0214,0
2.037,0.72488,0
0.12294,-0.38754,0
-0.19789,1.907,1
1.8098,-0.44107,0
-0.46737,-0.65519,1
2.0907,0.30192,0
-0.16449,0.25696,0
-0.19436,1.7489,0
0.019324,0.060361,0
0.0087927,-0.095577,0
-2.3037,-1.8049,1
0.87431,0.2859,1
-0.80997,0.61997,1
2.0616,1.8618,0
1.834,-0.99828,0
0.17252,2.213,0
-0.65893,-0.93961,1
-1.062,0.82262,1
1.9216,1.182,0
1.4049,-0.38271,1
2.0542,1.7009,0
2.1829,0.84238,0
-1.3431,-1.1379,1
-0.45543,-0.56311,1
1.9089,0.43689,0
2.2335,-0.34728,0
-1.9511,-0.44277,1
0.016422,0.24942,0
0.47163,0.80825,1
1.1565,0.20371,1
3.029,-0.2177,1
0.12187,1.3422,1
1.9558,0.80758,0
-0.028234,0.44501,1
0.19855,-0.27921,1
0.45706,0.86868,1
-0.02099,2.1885,0
0.10901,-0.040851,0
2.0495,0.96725,0
1.764,1.1548,0
0.88757,0.21111,1
-0.054052,-0.34266,1
0.004741,0.0027763,0
-0.055605,-1.1756,1
0.23983,-0.34275,0
1.5708,-0.6015,1
2.2301,1.6854,0
-1.3394,-1.6034,1
2.1491,0.33241,0
-1.5244,-1.1355,1
0.20534,-0.062292,0
-0.041446,0.84517,1
0.12532,1.861,0
0.27489,0.7941,1
1.7443,1.9258,0
1.735,1.9466,0
-1.3159,0.65146,1
1.5733,0.0066644,0
0.94441,-0.81003,1
0.28283,-0.081801,0
-0.091903,-0.0026332,0
0.43267,-1.7226,1
2.0389,-0.21576,1
2.1749,-0.54411,0
-1.1898,2.2642,1
2.39,-0.43828,0
-0.03009,0.24967,0
2.3346,0.2665,0
-0.38875,0.071646,1
0.51636,-1.5667,1
-0.92287,0.19907,1
-0.63934,-0.035458,1
1.8067,0.75201,0
-0.92289,-0.28857,1
-0.44949,-0.44293,1
0.17114,-1.3333,1
-0.33748,0.08691,0
-1.026,-0.21268,1
0.62597,-1.2458,1
-1.0576,-1.7675,1
0.93322,1.1786,1
0.12225,0.87425,1
2.141,0.26529,0
0.30818,0.86182,1
0.059215,1.8946,0
0.21022,0.15164,0
2.3423,1.0063,0
1.6964,0.12537,1
-1.6972,-0.46163,1
0.46998,1.3652,1
1.8908,0.55493,0
0.045503,0.14399,0
0.069926,1.537,1
1.9204,2.0377,0
-0.32582,1.3785,1
2.0323,0.12373,0
-0.97603,-0.6234,1
0.19091,2.1188,0
0.058312,1.9987,0
1.8985,2.127,0
1.7488,1.6638,1
0.095677,-0.27973,0
2.1149,1.9113,0
-0.21004,0.32322,1
-0.16343,-0.59029,1
0.22007,1.039,1
0.32525,0.11693,1
2.2221,2.441,0
-0.16272,-0.099772,0
0.23994,0.54216,0
-0.42027,0.66248,1
0.11297,-0.066476,0
-1.5686,0.35892,1
2.1019,1.1491,0
0.18354,1.4696,1
0.5533,0.83944,1
-2.4929,-1.3079,1
1.9677,-1.4379,0
-0.63406,0.6267,1
0.12775,0.2235,0
1.8854,-0.27937,0
2.1172,0.37734,0
-0.20502,1.1635,1
2.3319,2.1219,0
1.9974,-0.9441,0
-0.36474,0.28506,0
-0.44437,0.1718,1
0.69676,-1.1553,1
0.33333,-0.59594,1
2.1906,0.65934,0
1.6404,-1.8244,1
1.926,2.4382,0
-0.13912,0.23429,1
0.83587,-0.62273,1
0.36607,-0.14397,0
-2.368,-0.62952,1
2.2267,0.44347,0
1.9328,2.5242,0
2.0385,1.6604,0
0.85446,1.9684,1
-0.46758,-1.3373,1
-0.24165,2.0235,0
0.68277,0.88266,1
1.4286,0.86947,1
1.7596,-1.5276,0
1.9507,0.73684,0
0.71479,-0.32455,1
-0.60222,-0.33702,1
0.42279,-0.27177,1
-0.90734,-0.23069,1
2.0048,1.8568,0
2.3372,1.7098,0
0.57707,-0.35159,1
1.3799,1.8417,1
-0.49995,2.912,1
0.51194,-0.70685,1
1.0374,-0.36644,1
-0.65455,-0.57599,1
1.7663,-0.12742,0
1.6362,1.6942,0
0.02175,2.1686,0
-1.1525,-0.80584,1
2.2848,1.2711,0
-0.0033228,0.11874,0
-2.4333,-0.53344,1
1.7926,0.83142,0
1.9629,-0.48657,0
-0.5105,-0.20139,0
-1.395,-0.30406,1
-1.2059,0.63427,1
2.2604,-0.073605,0
0.98391,0.11984,1
-0.54911,-1.7942,1
-0.25178,-0.22574,0
0.14848,-0.050705,1
0.31769,-0.11761,0
1.7124,1.0124,0
0.82599,1.192,1
1.8777,0.39957,0
-0.65742,0.42135,1
-0.29262,-0.19354,1
0.020778,2.0575,0
1.7916,-0.27256,1
-0.77236,-1.3458,1
0.70154,-0.68066,1
-0.39606,-0.26103,1
-0.42056,0.46024,1
2.0341,1.5005,0
0.14244,-0.19444,0
-0.48867,-1.5,1
-0.15797,1.8677,0
1.6098,0.28892,0
2.3358,1.0762,0
2.3486,0.71443,0
0.074354,2.1675,0
1.8517,0.76257,0
-1.2302,1.691,1
-1.0151,0.11925,1
-0.27885,-0.29398,1
0.2151,2.0137,0
0.48241,0.4241,1
1.9624,0.83519,1
-0.90276,0.68178,1
0.84582,0.44324,1
-0.34302,0.12747,1
1.7034,0.56658,0
-0.24119,0.28742,0
0.61404,-0.50876,1
-0.6447,0.84833,1
2.1103,1.1245,0
-0.19565,2.127,0
1.9968,1.295,0
1.8597,1.207,0
0.28976,2.085,0
1.7123,-1.1146,1
0.11526,-0.1477,0
0.012631,0.18091,0
1.4583,1.2615,1
1.837,-0.7672,1
-0.053783,0.70332,1
0.65646,-1.6474,1
-0.15394,-0.06544,0
0.2778,0.16041,0
1.3127,-1.1527,1
-0.53127,0.14353,0
0.34334,1.7149,0
-0.16542,-1.0517,1
0.62652,0.71377,1
-0.075191,0.11298,0
2.1018,0.93364,0
2.1676,0.57578,0
0.052294,0.14884,0
-0.076041,-0.012246,0
0.60878,0.60025,1
-0.18,0.089758,0
-1.9298,1.6804,1
-0.84265,-0.29607,1
-0.30465,-0.081617,0
0.6141,-0.37259,1
1.9612,1.5513,0
0.082213,-0.10628,0
0.31969,0.81316,1
-0.33636,-0.31422,1
2.1649,1.2955,0
0.39437,0.66068,1
-1.6229,0.50648,1
0.015708,-0.0014009,0
-0.43974,1.8762,0
-0.82119,1.0246,1
0.39771,1.0476,1
-1.0982,-0.013979,1
2.1162,2.5138,0
-0.20409,-1.6602,1
-0.043402,0.35897,0
-0.67951,-0.36628,1
0.43215,-0.63865,1
0.8023,0.98794,1
1.3688,-0.85393,1
0.067827,2.0994,0
2.0415,1.1266,0
1.9565,0.85857,0
1.2952,1.6221,1
2.5564,1.1004,1
2.3001,0.94182,0
-0.8537,0.26272,1
2.4326,2.8384,0
1.8648,2.7435,0
1.9374,0.23524,0
2.2043,1.6618,0
-0.49946,-1.0311,1
0.24737,2.0036,0
-0.86391,-0.23977,1
-0.20895,1.9366,0
1.9697,0.8017,1
2.0416,-0.46957,0
-0.14771,-0.48438,0
2.1291,-0.10523,0
0.078048,1.8925,0
0.046776,0.021797,0
1.5956,1.1794,0
2.3056,1.8368,0
1.7967,1.7369,0
2.0217,1.3026,0
-0.17143,2.2145,0
0.047505,2.1159,0
1.9169,2.2787,0
1.9481,3.268,0
-0.025456,1.7607,0
2.1063,1.5977,0
-1.5466,0.098183,1
-0.16613,0.041521,0
-1.0315,-0.57939,1
-0.134,0.51158,1
0.10993,0.85289,1
0.053573,-0.0921,0
-0.82827,-0.4653,1
2.3227,-0.17992,0
-0.95939,1.4611,1
0.053391,-0.077313,1
-0.9285,-0.84436,1
-0.086608,0.10828,1
-1.5982,-0.065156,1
1.7999,-0.44235,0
0.079472,1.9797,0
-0.039146,2.2216,0
0.011279,0.51617,1
0.94567,-0.57721,1
2.2425,0.47138,0
2.0092,1.102,0
-0.79574,-1.1204,1
2.0159,1.8685,0
0.064724,2.4402,0
0.89034,-1.2697,1
0.101,-0.25434,1
1.9107,-0.4978,0
-1.3801,0.34652,1
0.11276,1.5564,1
0.10195,1.4905,1
-1.2831,0.18793,1
-0.20286,-0.74419,1
-0.21395,1.9944,0
2.1986,-0.32427,0
1.8317,1.6372,0
1.6629,0.65052,0
1.2268,0.10875,1
0.011415,2.1516,0
0.015026,-0.82359,1
-0.63998,1.2256,1
-0.57977,-0.91744,1
0.67822,2.1621,0
2.0204,2.4905,0
2.1068,4.0578,0
1.925,0.78947,0
1.4222,1.1366,1
-0.021363,1.9207,1
0.1087,0.39294,1
-0.14674,-0.95059,1
2.0412,1.4104,0
0.9037,0.3767,1
0.37818,0.64273,1
2.2172,0.48998,0
1.9857,1.1739,0
1.1739,-1.1768,1
-0.30247,-0.55697,1
2.2227,2.7507,0
0.20126,-0.052463,1
-0.34803,-0.11241,1
2.4754,1.0134,1
1.8347,1.7311,0
-0.32333,-0.42086,1
-0.93673,0.46664,1
2.2165,0.91166,0
-0.15735,1.9777,0
-0.06506,0.32341,1
1.9545,2.6207,0
1.9617,1.8367,0
0.10929,2.0765,0
1.1423,-0.8213,1
0.37813,1.0728,1
0.68069,0.16692,1
0.58239,-1.4143,1
-0.32275,2.1553,0
1.8253,1.7165,0
-0.22804,1.7209,0
-0.0094731,0.18147,1
2.0496,1.315,0
-1.3288,-1.289,1
1.602,-0.036133,1
-1.9264,-0.13337,1
0.77827,0.51643,1
1.9485,0.53448,0
1.9382,0.83917,0
2.3648,2.3526,0
-0.25551,-0.56943,1
1.0143,0.34994,1
0.15449,2.0648,0
-0.79168,-0.98393,1
-0.72639,0.20202,1
-0.069144,-0.030815,0
1.4703,-0.65279,1
-0.21395,-0.44144,1
2.2848,0.48662,0
0.034952,-0.77442,1
0.88201,0.54551,1
1.9123,1.6686,0
-0.10744,-0.41176,1
0.8514,0.0078609,1
2.3104,0.47789,0
-0.20588,-0.92234,1
1.7046,1.4369,0
-0.049418,0.31992,0
1.9775,2.5557,0
1.54,0.11267,0
0.5811,1.5138,1
1.8504,0.55705,0
0.59634,-2.4567,1
-0.2438,1.6139,0
-1.4121,0.77625,1
2.2847,0.85467,1
2.0691,0.70953,0
0.18915,-0.11469,0
-0.25604,-0.26121,1
0.062602,0.37051,1
1.3695,-0.79953,1
1.938,2.8868,0
0.095946,2.0889,0
-0.037323,-1.9508,1
0.015514,1.9182,0
-0.86842,1.0033,1
2.2448,1.6026,0
-0.08291,0.24141,0
-1.4412,0.36525,1
-0.48498,-0.13301,1
-0.25697,-0.33377,0
-1.5099,-1.5892,1
2.1303,1.6347,0
-1.8404,-1.3063,1
-1.3074,1.0907,1
0.66621,0.66431,1
-0.45578,-0.032286,1
1.8808,1.9517,0
-1.356,0.11757,1
-0.10694,2.168,0
-0.18873,0.1891,0
-1.431,0.45139,1
0.97353,0.38679,1
-0.10047,1.5239,0
-0.11202,1.2154,1
0.25673,1.9789,0
-0.65618,0.049389,1
-1.5015,-1.1789,1
-0.38684,0.017293,0
0.79396,-0.16534,1
0.14683,1.1775,1
0.22251,2.0494,0
2.1313,-0.64744,0
0.21945,0.2314,0
-0.31289,-0.76476,1
-1.1647,0.037774,1
-0.45825,0.48108,1
0.78621,-0.37252,1
-0.037782,-0.030956,0
-0.37819,2.0637,0
1.8673,0.76974,0
0.34764,1.3523,1
0.47557,-2.1277,1
0.65708,-0.52951,1
0.46096,2.0749,0
0.12669,0.79695,1
-0.12787,-0.23496,0
2.0098,0.66273,0
-0.34029,-0.22743,1
2.1909,1.9541,0
0.047806,1.1743,1
-0.090544,1.8192,0
2.1831,1.5661,0
0.10432,-0.17356,0
0.38701,1.8433,0
-0.13487,0.049293,1
0.18353,-0.019898,0
-1.2851,0.02239,1
0.092638,-0.85724,1
-0.14644,1.0866,1
1.3299,0.6651,1
-0.54364,-0.5782,1
-0.87356,0.71651,1
0.45757,-0.90531,1
2.2844,2.1366,0
0.075777,1.1033,1
1.9284,0.050582,0
1.9416,-0.13024,0
0.32354,1.9733,0
0.74663,0.14561,1
-0.08501,-0.27289,1
-0.034161,0.016496,0
-0.24468,1.5108,1
0.021902,1.5361,1
0.091508,2.048,0
0.075875,0.20937,1
2.0447,-0.79657,1
-2.6653,-1.7494,1
0.92653,-0.33075,1
-0.57403,0.90439,1
-0.44527,0.61448,1
0.36263,-0.74755,1
-0.10798,-0.032716,0
0.72725,1.2546,1
1.8437,2.3887,0
2.0823,-0.44264,0
2.2637,-1.9969,0
0.44818,0.097273,1
1.6871,-0.203,1
1.1328,2.4761,1
0.36579,-0.54815,1
0.15159,1.8928,0
0.89502,1.4289,1
-0.14552,0.59764,0
2.0037,1.5687,0
0.32085,-0.42656,1
1.9155,2.0909,0
-0.3456,0.17133,1
2.26,1.2361,0
1.8074,1.4176,1
0.52217,-0.28577,1
2.1654,1.7966,0
0.70973,-0.087669,1
-0.23171,1.9996,0
-0.13853,0.4273,1
0.12823,-0.2606,0
-0.35486,2.1958,0
2.3393,1.1254,0
0.27751,-0.036887,0
-0.055765,0.18625,0
-1.1138,-1.0893,1
-0.99907,0.22882,1
-0.02494,1.819,0
0.6001,0.31397,1
0.17018,0.37888,1
1.5594,1.2005,1
-0.5106,-0.42393,1
-0.32312,1.0692,1
1.4366,1.2066,0
1.8489,1.2729,0
0.0698,0.15328,0
0.10023,0.59957,1
-0.83021,-1.9983,1
0.12815,-0.33646,0
1.1396,-0.50963,1
2.2387,1.0502,0
-0.039123,0.97789,1
-0.16217,-0.73466,1
1.2169,-0.44426,1
-1.5694,0.50703,1
-0.22787,-0.042079,1
0.16665,1.7539,0
2.2861,2.2966,0
1.8741,-0.19051,0
0.16667,-0.83621,1
2.1423,0.63783,0
1.8396,-0.14527,0
-0.24551,-0.31979,1
-0.24681,-0.13834,0
-1.1541,1.3301,1
-1.3177,0.42581,1
0.048399,-0.30369,1
-0.27658,0.30923,1
-0.19162,0.83667,1
0.045201,0.11155,0
-0.97837,-1.8953,1
0.086169,0.2117,0
0.29901,-1.3616,1
-0.9831,1.5007,1
0.16755,0.11819,0
-0.010748,1.6159,0
-0.5419,0.72492,1
0.094346,1.9322,0
-0.79864,0.31374,1
0.18664,-0.10088,0
0.094029,-0.87793,1
0.16262,-0.18764,0
-2.0219,0.17935,1
-0.055903,-0.0065267,0
0.78527,-0.90974,1
0.67859,-0.36525,1
1.0862,-0.51002,1
0.028122,0.016497,0
-0.91824,2.0372,1
0.3419,0.40418,1
-0.71135,-0.57139,1
-2.4551,0.28138,1
-0.39968,-0.039893,1
1.8938,3.7021,0
1.5934,0.39575,1
-0.021634,0.37755,0
1.8648,1.0446,0
2.2857,0.62125,0
-0.38618,-0.14648,0
1.9724,0.28529,0
-0.87737,-1.3395,1
1.0825,-0.088336,1
-0.5524,-1.2021,1
-0.93931,-1.2674,1
0.20929,2.2515,0
-0.51022,0.32358,1
1.9875,2.7459,0
2.3237,0.89451,0
1.9488,0.73879,0
0.0023745,2.0503,0
2.4263,0.92387,0
0.94504,-0.38861,1
2.329,0.75868,0
-0.36051,0.047144,0
0.071822,0.53301,1
-1.4407,0.48497,1
0.24113,-0.14139,0
1.3192,-0.91262,1
-0.68083,0.42565,0
2.0345,0.049876,0
1.2912,-0.057664,1
2.3745,-0.14957,1
0.17232,0.23825,1
1.9686,1.3024,0
-1.1054,0.606,1
-0.0066385,-0.58461,1
0.19655,-2.4155,1
1.7795,-0.24863,1
1.7774,1.8291,0
1.0153,0.36201,1
-1.4567,-0.0019845,1
-0.093236,2.2082,0
-0.30501,2.1452,0
0.45345,-0.69808,1
1.8122,0.39633,0
-0.74187,0.096287,1
0.34131,-0.73724,1
2.1614,1.097,0
-2.0949,0.059654,1
-0.096721,0.060856,0
-0.16139,-2.4379,1
1.9797,1.0346,0
-0.068968,-0.15855,0
2.4746,-0.0029536,1
1.8135,0.95436,0
0.18521,-0.43055,1
2.1329,0.0030791,0
2.1543,0.73441,0
-1.465,-0.1736,1
0.90336,1.0501,1
2.3848,2.0776,0
0.15894,1.7839,0
0.16823,1.8556,0
0.085739,2.0591,0
0.13209,-0.72045,1
1.8979,0.57607,0
2.0576,-0.13091,0
-1.5869,-0.63164,1
-0.23379,1.6693,0
-0.039349,-0.21335,0
1.8976,1.1911,0
0.0060985,2.1509,0
1.6745,1.4081,0
-0.049086,2.2084,0
-0.13116,0.57443,0
2.0291,2.3175,0
2.0056,1.058,0
-0.66042,0.7602,1
0.28909,-1.3634,1
2.2794,0.56573,0
0.066436,2.2473,0
-0.15768,-0.69861,1
-0.20311,-0.43203,1
-0.25954,3.7569,1
1.2886,0.15908,1
-0.45107,-2.1447,1
-0.16347,0.6877,1
-0.063957,0.25986,0
-0.67992,-1.1902,1
-0.0088399,-0.48474,0
1.8237,-0.42415,0
0.1133,-2.6271,1
1.7256,-0.12294,1
0.12365,2.5044,0
-1.1557,1.2823,1
2.1058,0.28,0
1.0299,-0.55114,1
-0.052963,0.61318,1
-0.05946,0.20722,1
-0.18409,0.063488,0
-0.1438,1.942,0
-0.23682,0.073095,0
1.1103,1.441,1
1.6704,0.12164,0
-0.33442,1.6181,1
0.13107,2.0637,0
-0.53558,1.7676,0
-0.10279,-0.085163,0
0.72631,-0.53924,1
2.4067,0.39673,0
0.033424,-0.058721,0
-0.054798,-0.15759,1
-0.10273,0.17331,0
-0.6933,-0.3854,1
0.59367,0.48274,1
-0.18734,0.28819,0
2.2403,1.5486,0
0.19551,0.47847,1
-0.23296,1.9424,0
-0.30227,2.2425,0
2.1609,1.292,0
-1.376,-0.21779,1
2.0535,0.23643,0
-0.53823,-0.5358,1
-1.9015,1.4133,1
-1.325,0.94662,1
-0.060985,-0.014987,0
1.2117,1.6912,1
1.871,2.16,0
2.2669,1.8012,0
2.0306,3.0342,0
0.50925,0.9656,1
2.2029,2.7139,0
1.7469,0.33677,0
0.9383,2.61,1
-0.012944,-0.85979,1
2.1504,-0.35864,0
-0.0027719,2.111,0
0.78045,1.6978,1
-0.10443,1.9928,0
0.30483,1.6531,0
1.981,1.4831,0
-0.3488,-0.57034,1
1.8047,0.90213,0
0.1356,-0.11232,0
-1.4001,-0.30648,1
0.24406,-1.6088,1
1.0794,-0.76385,1
0.0082807,1.9751,0
1.0042,0.66133,1
1.819,-0.21227,0
1.9451,2.3909,0
-2.635,0.097981,1
1.527,0.51979,1
0.052004,0.20374,0
0.091501,0.032045,0
1.7772,-0.089277,0
0.21853,1.1772,1
-0.51118,-0.23241,0
-1.2237,0.46829,1
0.12622,0.12379,1
0.094506,1.9007,0
0.2045,-1.3835,1
1.6789,-0.18493,0
0.90127,-0.89181,1
1.9735,0.61627,1
0.27243,1.3066,1
-1.2943,0.76778,1
1.1143,0.29949,1
-0.76901,1.3076,1
1.7251,-0.38597,0
-0.10097,2.024,0
2.2091,1.2929,0
-0.29189,-1.1302,1
-0.78624,-0.49352,1
-0.32111,-0.26336,1
-0.2524,-0.2499,0
1.8738,0.48108,0
2.3487,1.3077,0
1.7929,3.2577,0
0.94003,0.61562,1
0.16997,-0.11302,0
2.0993,0.90196,0
1.8028,1.9598,0
-1.1047,-1.5591,1
2.0896,1.0973,0
2.2304,0.50004,0
0.81669,1.5952,1
2.0484,1.8783,0
-1.0281,-2.1061,1
2.0494,0.84625,1
0.2813,-0.22825,0
-0.10237,0.84612,1
-1.6855,-0.34948,1
-0.65832,-0.04928,1
1.947,1.4238,0
0.33576,0.23699,0
-0.43684,-0.17149,1
0.32232,-0.65884,1
-1.319,-0.21246,1
0.84814,0.11134,1
0.0761,-0.57092,1
-0.041004,2.0463,0
-0.17588,-2.5246,1
0.57428,-1.0916,1
2.1565,1.6627,0
-0.28497,1.9091,0
1.3741,0.13973,1
0.54401,-1.0036,1
-0.047736,-0.038291,1
1.7417,0.83772,0
0.18938,0.019591,0
-0.2323,-2.0967,1
0.073903,2.1275,0
-1.4555,1.4963,1
-0.59684,-0.18241,1
1.9793,1.72,0
-0.016702,0.007634,0
0.16777,-1.3339,1
-0.80963,-0.97524,1
0.15279,2.0342,1
0.53414,3.0578,1
0.093077,-0.1934,0
-0.064806,-0.0088765,0
0.30942,0.050504,1
-0.053424,-0.72959,1
1.8797,0.4842,0
2.0384,1.6332,0
-0.70527,0.42605,1
1.6356,0.94029,0
-0.021183,-0.26855,1
1.0683,0.89487,1
0.1485,2.0675,0
0.078484,-0.87538,1
0.41926,0.27629,1
-0.67576,-0.51017,1
1.7314,-0.13788,0
2.1345,1.1957,0
2.188,1.6156,0
-0.84975,-0.13393,1
0.78553,-0.28431,1
-0.1456,1.8992,0
0.53631,-1.8724,1
-2.2438,0.15735,1
-0.68426,-0.95645,1
1.9922,1.8264,0
0.10429,-0.44581,1
1.0226,-0.071173,1
-0.051865,-0.37073,0
-2.4218,-0.45257,1
0.037857,0.016769,0
-0.81953,1.0374,1
2.0809,-0.5852,0
0.60296,0.1404,1
2.1448,3.1018,0
-0.67606,-0.58229,1
-1.4385,-0.086338,1
-0.8863,1.2316,1
2.1212,0.22573,0
0.3278,-0.076656,0
1.5435,-0.67749,1
-0.68755,-0.047695,1
1.8951,1.5562,0
2.1414,1.3043,0
2.0152,2.1033,0
1.987,1.3234,0
-0.12498,0.19492,0
-0.87215,-0.59993,1
1.8638,1.0992,0
-0.10168,0.35147,0
0.40119,0.15759,1
-0.061451,2.0347,0
-0.60535,-0.23499,1
-1.4149,-0.79696,1
-0.042768,-0.84418,1
1.5291,1.5541,0
1.3485,-1.0307,1
-0.57053,0.57974,1
2.1649,0.53566,0
-0.040989,2.7095,1
0.18853,0.17077,1
1.717,0.20304,0
2.1636,0.32047,0
1.8971,0.91248,0
2.2253,0.75788,0
-0.044811,-0.39202,1
1.9958,0.73145,0
2.1235,-0.68077,0
0.15962,0.42411,0
1.0824,-1.7398,1
-1.6933,0.50437,1
0.69239,-0.37844,1
-0.04259,2.0118,0
1.748,1.8871,0
1.7719,1.7632,0
1.7189,2.7281,0
-0.44239,-0.11364,0
-0.71783,-1.1433,1
0.91341,1.8379,1
-0.33578,-0.51107,1
0.24604,1.7649,0
1.624,1.8686,0
0.91107,-0.32792,1
1.8057,0.95514,0
-0.12321,0.89364,1
-0.51198,0.19112,1
0.26052,0.45391,1
1.7263,1.0049,0
1.7138,1.4514,0
0.15406,-0.050328,1
-0.53114,2.7021,1
-0.18571,-1.4866,1
2.1446,2.2502,0
0.059719,0.28885,0
0.76553,1.2875,1
-0.51107,0.1361,1
0.65145,0.63469,1
2.3047,1.6492,0
2.1625,0.2718,0
-0.49635,-0.51343,1
0.51063,-0.40185,1
1.8795,-1.3634,1
0.16191,-0.46595,1
0.38975,-0.077983,1
-0.21583,0.11139,0
1.7808,0.037515,0
2.1314,1.952,0
0.77274,0.44383,1
-0.31424,1.9276,0
0.10164,-0.035762,0
0.20926,-0.65558,1
0.26764,-1.9233,1
0.21216,0.1494,0
-1.8872,-0.28388,1
1.759,2.4505,0
-0.30146,-0.012535,0
0.29522,0.15912,0
-0.0073837,-0.014751,0
-1.1331,-0.36762,1
0.46043,-0.46934,1
-1.0069,0.40462,1
-0.07927,1.8903,0
2.0232,-0.34924,0
-0.29954,0.23702,0
2.1753,2.2534,0
-1.8699,0.13762,1
2.1903,0.44085,0
2.0915,1.1947,0
2.3087,0.32251,0
0.32235,1.0695,1
2.0243,1.8657,0
2.1458,1.4295,0
-0.77974,-0.49552,1
0.059173,-0.33936,0
0.078931,0.52536,1
-0.17724,2.0724,0
2.116,1.1161,0
-0.28143,1.9382,0
-0.078199,-0.06127,0
1.1053,-1.54,1
1.8346,1.1012,0
0.085687,1.997,1
-0.38115,1.0787,1
0.51523,-0.5501,1
-0.8481,1.9362,1
0.22514,0.29669,1
0.49095,0.32808,1
-0.61815,-0.38416,1
-0.054966,0.41122,1
0.072047,0.099357,0
1.998,2.2295,0
-0.03898,0.015777,1
-0.18677,0.20224,0
-0.13384,0.17346,0
-0.093087,-0.013973,0
-0.066565,2.0529,0
-0.10099,2.1814,0
1.9325,1.1544,0
-0.8642,-0.47328,1
-0.30133,-0.71529,1
-0.22849,0.27457,0
0.71691,-1.3277,1
-0.54587,-0.44507,1
2.2054,0.96296,0
2.334,-1.3214,0
1.2818,0.50655,1
-0.94861,-0.051169,1
2.0388,1.8918,0
-0.40053,0.45099,1
0.34561,0.98975,1
-2.427,1.4666,1
0.20108,0.18194,0
0.46105,1.2436,1
-0.68897,-0.10495,1
-0.28683,0.20384,0
1.6532,0.43485,0
-0.49593,1.5231,1
-0.15687,0.30245,1
0.049244,-0.33727,1
-0.047139,1.85,0
-0.32886,1.1176,1
-0.4444,0.41506,1
-0.28631,0.14249,1
-0.41931,0.063431,0
-0.13773,1.5987,1
-0.36593,1.8815,0
-0.032665,1.8837,0
-0.78325,-0.49235,1
0.10733,0.079242,0
0.58144,0.64784,1
-0.10364,0.56539,1
1.7412,-0.67739,1
-0.41559,1.2787,1
0.77867,2.1325,1
0.034384,1.7858,0
1.9602,-0.28096,0
1.9851,0.43999,0
-0.24917,-0.83713,1
2.005,1.6628,0
2.3453,0.28472,0
1.813,3.0345,0
0.19233,2.0971,0
0.090904,2.2039,0
-0.043736,-0.37327,1
0.87798,-0.97018,1
-0.036031,-0.035243,1
-0.23743,-0.42909,1
-0.08134,2.2707,0
2.0304,1.5071,0
0.0036439,2.2394,0
0.083168,0.41634,0
0.33792,-0.065426,1
-0.46418,0.63697,1
0.043495,-0.15241,0
0.5217,1.9586,1
-1.9396,-0.10122,1
1.814,0.16187,0
-0.018556,-0.13571,0
2.0676,0.93457,0
-0.10742,1.9155,0
-0.43596,-0.040404,1
0.91411,1.302,1
-0.20776,-1.2735,1
-1.0355,2.2577,1
0.60944,-0.48043,1
-0.036136,1.7316,0
1.851,0.24078,0
0.38162,-2.7491,1
1.7221,2.8337,0
-1.0156,-0.96165,1
2.0278,1.7801,0
0.25036,2.2457,0
-1.6295,0.30896,1
-0.40364,0.0031112,0
0.1716,2.0972,1
1.4557,0.1027,1
2.0531,-0.23962,0
0.012778,1.9092,0
0.4027,0.28418,1
0.17959,2.1826,0
0.082104,-0.55376,1
0.87658,1.2534,1
0.48039,0.73044,1
2.0734,1.8551,0
-1.3955,-0.42996,1
-0.071567,0.17767,0
0.35015,-0.79806,1
-0.15945,0.2765,0
0.025465,-0.19461,1
-0.057204,1.8064,0
0.55101,0.0015193,1
2.1184,1.4681,0
1.2361,1.6484,1
-0.6624,-1.3613,1
-0.013433,2.0445,0
1.2242,-1.1755,1
-0.46664,0.23622,1
1.7169,-0.92534,0
-0.18792,2.3515,0
-0.64386,-2.6865,1
2.1361,1.1669,0
1.188,-1.8694,1
-0.23173,1.9445,0
0.2891,-1.6773,1
0.25223,-0.36557,1
-0.20899,0.20258,0
2.0098,2.1132,0
1.8127,1.4666,0
-0.089872,-0.25338,0
2.1678,0.71562,0
-0.76226,-1.2716,1
1.7757,-0.51016,1
0.42112,0.93859,1
1.8328,0.64741,0
2.167,2.1647,0
1.8152,0.018772,0
-0.056695,-1.074,1
-0.17521,1.9728,0
-0.20535,-0.067129,0
-0.49967,-0.36471,1
1.4131,-1.0526,1
-0.13405,0.17392,1
-0.21372,0.52855,1
1.8098,0.21961,0
0.73736,0.71259,1
-0.26945,0.023742,0
0.19526,1.8828,0
-0.021201,-0.50692,1
1.7692,2.3301,0
0.96963,-0.25046,1
0.13412,0.32439,0
2.0367,2.4696,0
-0.058329,-0.16675,1
0.049989,0.022013,0
1.0145,1.7139,1
1.9449,1.5595,0
1.5434,1.9353,0
-0.22299,2.0648,0
-1.3604,-0.78229,1
1.4242,-0.51338,1
0.041249,0.76953,1
-0.1988,-1.281,1
1.4466,-1.3343,1
0.13935,-1.2979,1
2.1403,0.60571,0
-0.40226,2.1851,0
2.3393,0.41105,0
-0.017936,0.064574,0
-1.3804,-0.23545,1
0.22843,2.1021,0
-0.72062,-2.6355,1
2.0053,1.7064,0
-1.1165,-0.56337,1
-1.9809,0.70825,1
0.29159,1.9978,0
-0.25966,-0.32722,1
0.0090953,-0.96638,1
0.08975,2.4462,0
2.2008,0.62381,0
1.9657,1.9103,0
2.0012,1.2555,0
-1.366,0.737,1
1.8917,-0.39444,0
1.6876,2.0624,0
-1.4261,-0.40188,1
0.36415,1.8599,0
-0.11105,0.46464,1
0.03287,2.057,0
-0.050713,-0.078592,0
2.1894,2.8129,0
-0.44135,-0.14747,0
1.6247,1.4162,0
-0.12522,-0.2748,0
-0.62953,-0.27922,1
2.0717,1.7429,0
0.085872,2.0991,0
-0.3947,1.6809,0
-1.9858,0.43201,1
0.12336,-0.05232,1
0.13104,0.19198,1
1.9759,1.1405,0
-0.67623,1.7435,1
-0.35892,-0.32089,1
-1.2917,-0.16228,1
-0.40773,-1.0145,1
-0.11417,-0.78993,1
-0.029385,2.1153,0
1.8445,0.48748,0
0.20429,-0.43612,0
0.29318,-0.33661,1
0.15893,-0.13934,0
-0.11063,1.8169,0
2.1253,1.7138,0
0.17128,0.033038,1
-1.5604,-1.4681,1
2.2638,0.087382,0
0.19452,-0.19014,0
-1.4214,0.45993,1
2.3091,-1.3292,1
2.1281,-0.19782,0
1.6328,1.4456,0
2.0696,1.5007,0
1.9068,0.99861,0
1.8659,0.16213,0
2.0104,1.9162,0
1.5141,-1.4977,1
1.9572,0.33548,0
-0.49815,0.96761,1
1.8478,0.07458,0
0.16761,1.8627,0
-0.054862,0.2562,0
0.47757,0.033795,1
0.28397,2.1106,0
0.21628,2.0042,0
-0.029836,1.9188,0
3.4806,-0.92689,1
1.7188,0.16385,0
-0.059476,2.0506,0
2.0885,1.9175,0
0.99559,-1.8253,1
1.6094,0.87026,1
1.917,1.4928,0
1.1735,1.5308,1
0.22606,-0.45897,1
0.077166,-0.39743,0
-0.071437,1.954,0
-1.2456,-1.9418,1
-0.99718,-1.5129,1
1.7509,-0.94176,0
1.7689,2.2823,0
2.1679,0.79585,0
2.072,2.6043,0
0.095754,2.0997,0
1.3414,-0.054214,1
0.28307,1.8784,0
-0.35616,0.29398,1
0.081929,2.4072,0
-1.3047,1.6894,1
-0.28036,-0.36689,1
-0.13007,2.1692,0
-0.68705,-2.2529,1
-2.4346,-0.76043,1
2.8542,2.3755,1
2.0681,-0.30633,0
-0.81245,-0.49796,1
-0.015586,0.20219,1
0.80095,-0.8118,1
-1.8953,2.5883,1
-0.25748,0.37377,1
-1.1758,0.36933,1
1.0704,0.41105,1
2.2159,0.19975,0
1.9395,0.050322,0
-0.66444,-0.067096,1
-0.69776,0.26592,1
1.9155,0.56501,0
0.33542,-2.0466,1
2.3762,1.9829,0
0.34302,1.9354,0
0.54996,-0.040091,1
0.16224,-0.19958,0
0.39384,0.073207,0
-0.084286,1.9206,0
0.77175,0.19473,1
-0.28403,1.8843,0
-0.054756,2.154,0
1.5905,1.6062,0
0.31373,-1.0583,1
0.036457,0.025367,0
2.0578,-0.67732,0
-0.26184,1.9319,0
-0.027444,-0.21368,0
-0.20866,0.54976,1
2.2893,-0.33428,0
-0.37559,0.92388,1
2.0216,0.88034,0
-0.033972,1.7185,0
1.9443,1.3299,0
-0.6743,-0.29597,1
1.7432,-0.28557,1
-0.17829,1.168,1
0.84025,-1.5009,1
0.015176,-0.036133,1
-0.022232,1.7993,0
1.9502,0.16287,0
-0.42314,2.0038,0
0.18535,1.958,0
-0.012768,-1.9441,1
0.23242,1.6218,0
0.010666,2.1589,0
1.8051,0.81824,0
-0.13266,0.26005,0
-0.033547,0.14317,0
0.29494,-0.60893,1
-1.2026,0.90097,1
-0.99332,0.62563,1
1.6059,-1.2452,1
-0.51881,0.34332,1
-1.7987,0.96115,1
1.9153,2.0078,0
2.0168,1.5394,0
-0.037072,2.0366,0
0.13915,0.78014,1
0.1429,1.8384,1
0.24736,-0.10713,1
-0.17339,-1.0606,1
-1.1683,-1.1274,1
2.2168,2.0848,0
-0.15094,-0.37861,1
1.5224,1.1798,1
1.9675,0.33022,0
0.11115,2.441,0
1.7426,0.46971,0
-0.96289,0.40307,1
0.45003,-0.5298,1
-0.65195,-1.3476,1
0.34526,-1.1023,1
0.338,-0.34159,1
-1.5511,-0.063357,1
-0.56642,2.1402,1
2.0355,-0.055352,0
2.6961,0.073115,0
-1.0607,1.3783,1
0.80121,-0.46805,1
-0.80957,0.18926,1
1.581,1.0597,0
0.17954,0.43773,1
2.0163,1.9141,0
0.77508,-0.7993,1
1.4301,0.57145,1
0.76605,1.9186,1
-0.13582,2.2114,0
-0.29816,-1.03,1
-0.3614,2.1655,1
-0.34839,-1.5077,1
1.9076,0.58048,0
0.8405,0.010266,1
-0.48589,-0.07162,1
0.27838,2.0856,0
0.080486,1.9997,0
0.43844,2.1573,0
2.2379,-0.41464,1
1.3908,0.5956,1
2.2229,1.2995,0
-0.30658,-1.2093,1
-0.51293,0.48972,1
-0.29212,2.0795,0
0.081911,-0.7488,1
-0.56045,0.89022,1
2.4432,0.042036,0
-0.10678,-0.11151,1
0.0601,0.40631,1
2.1104,2.4392,0
0.055665,2.0878,0
0.14959,0.045214,0
1.9432,0.38575,0
-0.72679,1.6742,1
-1.8573,1.4549,1
-0.01395,0.089705,0
-0.35292,0.80736,1
0.15054,1.7232,0
0.3227,-1.4263,1
-0.53473,0.44556,1
1.7798,-0.44248,0
0.10495,-0.16419,0
2.1692,1.4018,0
0.1726,0.040968,1
-0.067284,-0.02699,0
-0.40083,-0.70632,1
-0.92787,-0.23077,1
1.7365,1.4258,0
0.49021,0.733,1
0.77639,-3.0248,1
0.34299,0.86523,1
0.1023,0.047849,0
0.1393,1.7369,0
1.1844,-1.0565,1
-0.17376,-0.13581,1
2.208,1.0153,0
0.11502,1.7104,0
2.4251,1.7282,0
-2.2217,-1.3763,1
2.1046,0.5724,0
0.042055,0.055296,1
1.7055,-0.043126,1
-0.76833,0.29291,1
0.57338,-1.0019,1
2.0967,1.4976,0
0.15471,-0.89568,1
-0.33154,-0.47735,1
-0.03312,0.11612,0
-0.28116,2.1122,0
0.61264,0.72656,1
-0.2289,1.0069,1
1.5636,0.60959,1
-1.7854,0.67861,1
-0.066027,0.24451,0
-0.16674,0.13069,0
-1.5324,1.0695,1
-0.62801,-0.50631,1
1.9544,0.95792,0
0.83447,0.33336,1
0.019275,0.82635,1
1.8844,1.1078,0
0.62382,1.0514,1
0.7811,0.25919,0
0.052596,-0.93796,1
-0.079824,1.8535,0
-2.4641,-0.64537,1
2.1194,-0.78446,0
-0.010513,-0.35899,1
0.16132,-0.21128,0
0.24536,-1.3562,1
0.77234,-0.079124,1
-0.27002,-0.092369,0
0.45314,-1.5399,1
1.8598,-1.0781,1
0.47424,0.86296,1
-0.41327,2.093,0
2.0179,1.981,0
-0.19547,-0.030549,1
0.3202,-0.28072,1
1.6963,-0.58895,1
1.9417,0.95435,0
0.24745,-0.032748,1
0.15595,0.67833,1
-1.6301,1.6046,1
0.14107,-2.3501,1
-0.049036,-0.12572,1
0.22203,0.049013,0
1.0756,0.51012,1
-0.14373,-0.054228,1
-1.88,0.86862,1
0.52896,-0.72,1
-0.26807,0.28349,0
-0.034855,-0.13635,0
-0.53882,-0.55333,1
0.044247,2.1488,0
0.0039366,0.37675,0
2.1756,0.029822,0
1.9876,1.4919,0
-0.84966,0.55982,1
1.5869,-0.069026,0
0.12091,0.18256,1
-0.12255,-0.050752,0
-0.25814,-0.54555,1
0.31966,0.11019,0
1.1649,-0.37415,1
-0.63178,0.11519,1
1.9221,1.4803,0
0.82686,0.79659,1
1.9584,2.2103,0
0.18306,2.0544,0
0.32199,2.2196,0
0.025663,1.1403,1
2.0506,0.92789,0
2.2456,0.21286,1
0.10371,0.59522,1
1.534,1.2426,1
0.24607,1.921,0
2.5072,0.31878,1
-0.18897,2.017,0
1.8129,-0.58622,0
1.953,2.249,0
2.1187,1.4827,0
0.028556,1.132,1
0.027314,0.063498,0
-0.049002,-0.1629,0
1.9893,0.27041,0
2.1247,0.67645,0
-0.1667,-0.52442,1
-0.048846,1.1757,1
0.80872,0.27794,1
2.3947,-0.80651,0
2.1,1.0354,0
0.10903,0.48421,0
-0.96483,-0.18972,1
0.52994,-0.62875,1
0.99921,-0.89807,1
0.62429,-0.015931,1
2.236,0.63886,0
1.9497,0.52286,0
-0.17259,0.01553,0
1.9063,0.97114,0
0.016991,-1.9227,1
0.21178,-2.8108,1
2.3568,1.2993,0
-0.19632,0.19894,0
-0.20752,2.139,0
-0.85534,0.61989,1
2.1223,1.4419,0
1.9242,1.9762,0
-0.41978,0.023745,0
-0.84561,0.31542,1
0.14241,1.7925,0
-0.22201,0.54243,1
-0.2304,1.9025,0
1.9703,-0.89548,0
0.1016,1.0449,1
1.8006,-0.51295,0
-0.60864,0.36196,1
-0.50221,1.9768,0
-0.14984,2.0068,0
0.64767,1.7753,1
1.7281,1.0269,0
2.0366,1.1699,0
-0.17784,-1.8681,1
0.0066736,2.2146,0
-0.12111,-0.03078,0
0.91068,-0.17939,1
-0.14147,-0.24027,0
0.087542,2.1705,1
0.059868,0.53633,0
-0.13068,1.9393,0
0.70014,1.2949,1
-0.63242,-1.2187,1
1.9088,0.90922,0
1.1791,-0.57509,1
2.0664,1.777,0
1.8375,0.50204,0
-0.044671,-0.1892,0
0.47891,1.5085,1
0.26004,0.93582,1
0.0069203,0.063207,0
2.0951,1.2531,0
1.6226,0.71612,0
-0.20802,-0.91318,1
0.39273,-1.4522,1
0.80063,-0.53295,1
1.8263,2.0033,0
-0.19075,1.4906,1
-0.062076,0.78488,1
1.9927,2.3612,0
-0.035539,2.3512,0
-1.1877,-0.073965,1
-0.055332,0.002192,0
1.9969,1.2022,0
-2.1101,0.18961,1
2.5962,-2.0659,1
-0.71289,0.051828,1
-1.985,0.072219,1
2.0114,2.6629,0
-0.44516,-0.71595,1
0.38742,1.997,0
-1.2469,1.2692,1
1.8324,1.4693,0
0.36822,0.32708,1
1.7288,-0.70083,1
1.3555,-0.13461,1
1.8469,2.4321,0
0.16641,0.1246,0
0.8045,0.29203,1
0.11699,0.4303,0
1.8864,1.1265,0
1.8089,-1.6853,0
0.06025,-0.11191,0
2.0686,-0.39925,1
-1.7197,-0.62878,1
0.96424,-0.52519,1
1.9079,-1.5962,1
-1.2787,0.34037,1
1.953,-1.1475,0
-0.0070061,0.8141,1
-0.80102,0.21584,1
-0.25737,-0.46552,1
1.748,1.5051,0
1.9786,0.88849,0
0.88308,0.2911,1
1.6656,-0.36072,1
-0.18287,-0.85423,1
-0.27726,0.63181,1
1.9159,1.6625,0
0.10614,-1.6412,1
-0.79297,-1.4481,1
0.074977,0.19585,1
1.0022,-0.57945,1
0.063353,2.4329,1
2.2697,-0.030721,0
-0.025687,1.4824,1
2.0156,-0.99861,0
1.989,0.84241,0
1.2881,0.57354,1
-0.18598,2.0332,0
1.8242,1.3526,1
0.37226,1.5093,1
3.1422,-0.97741,1
-0.020012,0.56623,1
1.7719,-0.97633,0
-0.12242,0.047822,0
-0.70215,0.39517,1
1.8868,0.021028,0
0.18748,-1.04,1
0.18356,-0.78954,1
-0.17145,0.9103,1
1.9586,0.7814,0
0.065949,-0.11121,1
-0.4977,-0.60603,1
2.0477,0.19033,0
-0.19462,1.7908,0
-1.3997,-0.52836,1
0.030523,2.177,0
0.3753,0.2398,1
0.0023894,1.2318,1
1.8423,1.5564,0
-0.73409,0.34849,1
-0.56558,-0.47926,1
2.1939,0.74954,0
1.8821,2.064,0
-0.075165,2.0235,0
2.1961,2.2398,0
0.19406,0.89181,1
-0.42233,1.8904,0
-0.018746,-0.001167,0
-1.4358,0.39494,1
1.9422,1.8245,0
-0.13639,0.25738,1
-1.4059,-0.83615,1
0.20949,0.027736,1
0.4983,-1.4267,1
1.9992,1.7039,0
-0.070851,1.8811,0
-0.16986,-0.10341,0
0.20955,0.43579,0
-1.1838,2.0895,1
0.30804,0.077545,1
-0.16853,-0.87279,1
-0.34206,1.9,0
1.5794,2.1868,0
-0.96143,0.097707,1
1.6043,0.77731,1
-0.007519,1.5656,1
-0.032672,1.9634,0
-1.3918,0.79183,1
1.9432,1.0087,0
1.8531,1.1215,0
0.19201,2.1846,0
-0.077376,1.6885,1
0.018276,-0.8915,1
1.2505,0.28192,1
0.054564,1.953,0
2.1143,1.9504,0
-1.2938,0.52177,1
1.9013,1.584,0
0.29871,-0.93146,1
1.7895,0.46189,1
-0.22173,0.91689,1
-0.64397,-2.5203,1
-0.45919,-0.057774,0
1.831,0.4037,0
-0.094872,-0.60608,1
1.0982,-0.36964,1
-0.27316,-0.00988,0
0.13573,0.28628,1
-1.0336,-0.31904,1
0.51726,1.2149,1
0.089264,1.7675,0
0.0082724,0.17195,0
2.0332,0.35033,0
2.0549,0.74671,0
-0.71298,-0.71283,1
1.1332,-1.4894,1
-0.37886,-0.66326,1
-1.2392,-0.38433,1
-0.35156,1.3099,1
0.70484,-0.73471,1
0.10682,-0.063273,0
2.4021,0.58203,0
0.76222,0.16473,1
0.0591,1.8546,0
0.14735,-1.0846,1
2.0639,1.8132,0
-0.12466,-0.085144,0
0.20181,0.057691,0
-0.53237,0.46513,1
-0.89742,0.62622,1
0.61757,-1.6808,1
-0.14808,0.15633,1
1.7829,1.005,0
0.035726,-0.3978,1
-1.3031,0.99344,1
0.374,0.24771,1
1.8947,0.69361,0
-0.85479,1.2913,1
1.7157,1.4599,0
0.33688,-0.20235,1
0.028707,2.0221,0
-0.1997,0.059461,0
1.4644,-0.85081,1
2.5019,-0.22207,1
0.29296,-0.077115,0
-0.24877,0.010133,0
-0.65417,0.79433,1
0.21175,1.331,1
2.2041,0.080094,0
1.1148,0.036306,1
-0.82758,0.18625,1
-0.056317,-0.81933,1
-0.063727,1.8331,0
-1.1822,0.83763,1
-1.1463,0.62494,1
-0.42902,1.6481,0
-1.0521,-0.49278,1
1.7359,1.8635,0
-1.4244,0.33167,1
0.16243,0.65418,1
-0.51708,-0.73887,1
1.73,1.3752,0
1.0544,0.28478,1
-0.06964,-0.36676,0
0.45629,1.1389,1
0.16389,-0.86264,1
1.4804,-1.4064,1
0.16931,0.0073173,0
2.1692,1.4432,0
2.014,0.98155,0
2.3451,0.87706,0
2.0732,-0.036119,0
-0.21239,0.036607,0
1.6979,0.96507,0
2.0104,-0.41797,1
2.3816,-0.59623,0
0.18994,0.00023081,0
1.8852,1.9044,0
1.7968,1.6005,1
0.79921,-0.8666,1
-0.2068,2.232,0
0.018063,-0.30019,0
-0.62773,1.2733,1
-0.39214,0.18195,1
2.2684,2.5173,0
-0.43553,0.69097,1
1.4285,-0.37875,1
0.20296,0.12887,0
-0.48203,1.154,1
0.04607,0.94122,1
2.0464,0.19009,0
1.1068,-0.96971,1
-0.71321,1.2334,1
-1.2317,-1.2754,1
0.44867,2.2821,0
-1.3135,-0.71974,1
-0.75895,-0.84651,1
0.080424,0.91517,1
1.9914,0.15582,0
-0.97103,-0.38029,1
1.9443,0.91149,0
2.0657,0.79646,0
-0.11944,-0.095719,0
-0.57019,0.89132,1
0.22638,1.5017,0
0.60505,-0.025323,1
0.031296,2.2319,0
2.1453,-0.74734,0
1.7087,0.99802,0
1.8441,1.1101,0
-0.42755,-1.4221,1
-0.45363,-0.5934,1
2.0164,0.2512,0
-0.18095,-0.0084717,0
-0.14375,-0.31442,0
0.10061,0.38842,0
0.56851,-0.48807,1
1.7683,-0.1811,0
1.8039,0.81358,0
1.1916,2.8061,1
0.70678,0.30432,1
0.057187,1.8924,0
0.013843,-1.0904,1
0.10186,1.7333,0
0.48669,0.73119,1
-0.24541,2.0038,0
0.18308,-0.23168,0
-0.33731,1.8945,0
-1.2727,2.1966,1
2.0403,-0.20963,0
0.10988,0.2005,0
2.2016,1.5555,0
0.28998,0.12261,1
0.006198,0.066895,0
0.59684,-1.7845,1
0.12884,0.083361,0
0.37432,-0.25454,0
-0.7745,1.7631,1
2.0221,0.0564,0
-0.89935,0.40188,1
1.786,2.1113,0
1.8358,1.8937,0
0.078019,0.37582,1
-0.25005,1.7828,0
0.079181,1.8607,0
1.3711,0.59168,1
2.0252,1.1238,0
0.33598,0.0068845,1
1.5003,-0.05818,1
1.7217,0.29919,0
0.31253,0.099163,1
0.67722,0.52379,1
-0.90438,-0.786,1
-0.43844,1.6462,0
-0.35816,-0.94942,1
-0.83794,-1.4228,1
-0.010105,0.13508,1
-0.15608,0.26344,1
1.6758,0.31733,1
1.9498,0.98675,0
0.0097549,0.12956,0
0.94721,1.5391,1
0.056636,0.37998,1
-0.23931,-0.10491,0
-0.32261,-1.133,1
0.20142,-1.2096,1
2.0119,0.71194,0
-0.039964,-0.37727,0
1.7721,-0.50607,0
-0.11893,1.6863,0
1.8917,0.097062,0
-0.063375,0.029003,0
-0.25155,0.1578,0
1.9182,0.15299,0
-0.090505,-0.14554,0
0.59012,0.64574,1
1.7857,-0.041685,0
-1.3521,0.90127,1
0.93631,-0.60494,1
-0.32937,-0.96102,1
0.014048,0.14449,0
0.71426,0.66003,1
-0.75135,-2.2023,1
-0.044379,-0.46421,1
1.8371,-0.9613,0
0.2685,1.8683,0
1.8712,-0.18535,0
1.8332,1.6644,0
1.2047,-0.14851,1
1.1553,0.12885,1
1.8564,-0.14325,0
2.0111,0.18011,0
0.18261,2.0505,0
-0.29626,0.20335,1
1.5659,-1.5976,1
1.1622,-0.60266,1
0.081828,2.0514,0
1.372,0.0081194,1
-0.075094,0.17305,0
-0.32829,-1.0285,1
-0.56556,-1.2372,1
0.016973,2.4688,0
-1.7116,-0.043225,1
1.9162,-1.76,0
0.061057,-0.28472,0
-0.59237,-0.49592,1
-0.38259,1.9761,0
1.9924,1.2689,0
1.4309,-0.76362,1
0.20614,-0.10248,0
-0.37065,0.28505,1
1.963,0.073319,0
1.0925,0.046135,1
0.22825,-0.86254,1
2.1383,1.9762,0
-0.7033,-0.023761,1
1.0383,0.70751,1
-2.0275,-0.32905,1
-0.58959,-0.615,1
1.7644,3.4773,0
-0.37917,-0.029413,0
1.3307,-0.1532,1
0.75378,-1.2089,1
-0.0090406,0.15271,0
0.14234,1.8718,0
0.30972,-0.40698,1
0.77857,-0.27506,1
2.2407,-0.2474,1
1.7446,1.3282,0
-0.30859,-1.1341,1
1.2301,-0.66641,1
0.21697,1.9855,0
-0.35169,-0.32565,0
-2.2888,-0.030259,1
2.1886,0.24618,0
0.55171,0.39081,1
-0.054301,-0.10603,1
-0.6424,0.12185,1
0.11656,1.6573,0
0.22643,-1.3252,1
-0.04796,-0.78685,1
0.19547,-1.3233,1
0.1208,2.0339,0
0.67513,-1.1791,1
1.8744,0.49369,0
-0.10897,0.37494,0
-0.27664,2.1646,0
1.1461,0.23615,1
0.1927,0.1052,0
-0.03132,1.958,0
-0.13808,1.6435,0
-0.14519,0.013074,1
-1.2696,0.17247,1
-0.35756,-0.50874,1
1.9924,2.6076,0
-1.0971,0.46005,1
2.0303,-0.078748,0
-1.0349,0.50725,1
2.0161,1.9152,0
2.1403,0.31934,0
-0.95139,1.7869,1
0.018738,0.27596,0
1.8908,-0.61904,0
-0.51468,0.10883,1
2.0581,1.5284,0
-0.2533,0.20487,0
-1.3337,0.37033,1
0.40494,-0.57249,1
0.10371,0.18342,1
2.2711,-0.24546,0
1.9974,0.14021,0
1.6285,2.4549,0
0.84357,0.16345,1
-1.3655,-1.9267,1
-0.16723,0.15203,0
-0.064041,2.0153,0
-4.43e-05,-0.047782,1
-0.18026,-0.029834,0
2.2175,1.3345,0
-0.23138,0.59172,0
2.2427,0.89196,0
-0.004305,-0.75476,1
-0.33945,-0.23004,1
1.9479,-0.37862,0
-0.22874,-0.70804,1
1.9644,0.64524,0
2.1044,0.71423,0
-1.8645,1.1982,1
2.0581,-0.62005,0
0.21878,1.8741,0
0.2633,0.74676,1
2.3254,0.91126,0
-0.93868,0.085536,1
0.17708,0.16827,0
-1.9255,-1.4829,1
2.037,2.2741,0
-0.31252,2.5267,1
1.4083,0.081571,1
0.023829,0.092363,0
-1.0818,0.57045,1
0.21025,1.9683,0
1.2759,1.8267,1
-0.19641,-0.19072,0
-2.734,-0.29645,1
0.20971,0.62961,1
0.41088,0.018587,1
1.4441,0.012087,1
-0.68513,0.064015,1
1.7057,-0.28986,0
1.6521,-0.50567,1
0.069147,0.056859,0
0.10337,2.0963,0
0.40599,-0.012775,0
-0.081527,1.7426,0
2.0358,-1.0032,0
0.28228,-0.57474,1
1.3426,0.27592,1
2.254,0.92486,0
-0.72551,0.99756,1
-0.19811,2.1731,0
1.8809,0.98292,1
0.13183,0.19903,1
0.19163,-0.06721,0
2.1198,0.035992,0
-0.11623,-0.26191,0
-0.20327,0.34693,1
1.9709,1.5037,0
1.4234,1.0047,1
0.43174,1.1392,1
0.93624,-0.47405,1
1.4838,0.14245,1
-1.5354,1.6422,1
-3.1326,1.3573,1
0.12849,-0.27244,0
2.5486,-0.62191,0
-0.24945,-0.68115,1
-0.57678,-0.6798,1
-0.25266,0.23647,0
-0.28913,-0.17263,0
-0.40406,2.3302,1
1.9896,2.6842,0
-1.8929,0.19663,1
0.22381,0.026081,0
0.52297,0.032769,1
2.0299,0.92883,0
-0.013904,2.0643,0
-0.75018,0.69459,1
0.42381,-1.3156,1
-0.16775,-0.15275,0
0.093662,1.9736,1
2.0559,2.3579,0
-0.32544,0.85306,1
3.0409,1.008,1
1.8919,0.61295,0
-1.0438,1.2511,1
-1.7065,-1.5821,1
-0.061938,2.1652,0
-0.56603,-0.97897,1
1.015,0.088373,1
-0.64228,-0.49246,1
-0.2868,1.0224,1
2.0942,-0.24598,0
-0.22697,1.5995,0
0.086104,1.7192,0
0.34044,-1.3063,1
0.60252,-0.78785,1
1.0166,1.2949,1
-0.10069,-0.09043,1
1.914,-0.030949,0
2.8464,-0.68228,1
-0.8361,-0.35259,1
0.0015064,1.1409,1
2.1493,-0.29636,0
2.1279,0.10627,0
1.8846,-0.25771,1
0.27633,0.93976,1
1.0137,0.63662,1
-0.99638,2.1911,1
0.19852,-0.28044,1
0.061359,2.1494,0
-1.1595,-0.17795,1
-0.60215,-0.095849,0
-0.24575,1.8776,0
2.0757,-0.9796,0
-1.7829,-0.78181,1
0.056033,-0.79325,1
0.12056,1.075,1
1.7912,2.2511,0
0.80424,0.40555,1
1.4938,1.0224,1
0.23613,2.016,0
2.2609,2.5664,0
0.17741,0.14386,0
0.27123,0.70088,1
1.8087,1.0838,0
0.17951,0.19885,0
-0.063088,1.9847,0
0.23187,-0.019662,0
2.2563,3.3064,0
0.23248,2.1073,0
-0.044597,0.91223,1
2.281,0.61729,0
1.4815,-0.89535,1
1.7969,0.03835,0
0.99822,3.3504,1
0.027599,1.8454,0
2.1247,0.93245,0
0.37931,1.3068,1
-0.22033,-0.0012117,0
1.5944,1.1412,1
2.0345,1.041,0
1.8735,-0.21869,0
2.1277,1.3519,0
-0.16467,2.2074,0
-2.0598,0.44648,1
-0.34149,1.5179,1
1.992,1.3951,0
-0.45704,0.2568,1
-1.6057,-1.1849,1
-0.38969,0.99457,1
1.7736,-0.65199,0
-1.0855,0.0050194,1
-0.4759,0.36317,1
1.4788,-0.046153,0
0.12586,-0.090522,0
-0.53542,-0.77195,1
0.055128,1.8611,0
2.0291,2.2667,0
0.072069,-0.65156,1
0.036087,1.5446,1
-0.69956,0.52585,1
-1.5632,-0.73309,1
0.83334,-0.59452,1
1.9418,1.0261,0
1.9949,2.4824,0
1.7025,-0.57795,0
0.075928,1.9899,0
-0.089453,2.3598,0
-0.21109,2.0021,0
-0.45276,-1.1469,1
-0.17932,0.099869,0
-0.24945,0.10432,0
-0.37253,1.9585,0
0.063224,1.689,0
0.18529,2.1944,0
-0.32306,0.0035317,0
0.54879,-0.46497,1
-0.90124,-1.3035,1
1.6776,0.28999,0
0.45346,2.2218,1
-0.17679,2.256,0
-0.73744,-2.3476,1
0.06163,2.0373,0
0.36347,0.93189,1
-0.91681,0.60136,1
0.98925,0.47507,1
0.4155,-0.83623,1
2.2935,0.33278,0
0.02482,-0.012129,1
-1.6088,0.21063,1
0.77755,0.27243,1
2.2479,1.4257,0
0.59248,-1.1205,1
0.3162,2.0218,1
0.058525,-0.89577,1
0.27244,-0.53572,1
2.1295,2.7753,0
2.3805,0.19383,0
-0.83943,0.10434,1
2.3331,0.63928,0
0.32943,1.1397,1
0.20456,-0.12288,0
1.9028,0.92838,0
0.071595,-0.40921,0
0.58474,-0.019613,1
-0.0955,2.0194,0
1.4745,0.54368,1
-0.029079,2.0346,0
-0.31404,-0.21973,0
1.7949,0.25815,1
0.77057,-0.50866,1
2.1093,0.76499,0
-0.14215,1.8209,0
0.11953,1.9013,0
2.0304,1.4082,0
0.80354,-0.1378,1
-0.66326,-0.23026,1
-1.4351,-0.097268,1
-0.13496,1.9147,0
0.076685,2.0207,0
-1.0073,2.1363,1
0.14904,0.055053,0
2.0084,1.0553,0
1.9496,0.72299,0
0.81492,-0.27367,1
0.57481,1.482,1
1.5628,1.1919,0
-0.77764,-0.51252,1
0.068679,2.0269,0
-0.96609,-0.3318,1
-0.23191,-2.87,1
0.21615,1.7663,0
0.33249,-0.34947,1
1.2595,0.36534,1
0.71324,-0.51796,1
2.0779,0.91078,0
-0.52499,0.23945,1
-0.16793,-0.82267,1
0.074991,1.9706,0
1.9508,1.3604,1
0.08261,0.29994,0
0.40799,1.6916,1
-0.63463,1.3523,1
0.015096,-0.093687,0
1.7843,0.80584,0
0.74774,-1.066,1
2.0342,-0.33331,0
1.7462,0.7651,0
-0.29831,1.761,1
-0.16261,1.9227,0
0.35461,-1.5606,1
-0.38235,1.9547,0
0.24635,1.8967,0
0.093975,-0.086571,0
0.076796,1.7498,0
0.11389,0.13037,0
-0.25797,1.3459,1
2.3945,-0.24063,0
1.2059,-0.52675,1
-0.54132,-1.3944,1
1.3697,1.0899,1
-0.33775,1.035,1
0.27024,1.9261,0
1.1482,0.67778,1
-0.82441,1.5514,1
-0.57801,0.10776,1
-0.82684,0.10123,1
0.23949,0.65881,1
0.089018,0.051635,0
-0.2603,-1.3786,1
2.2988,2.0224,0
-0.089745,1.9497,0
-0.74159,0.55015,1
3.0463,0.013276,1
-0.013939,2.0015,0
-0.39351,-1.181,1
1.4272,-0.76616,1
1.7992,1.0394,0
-1.0052,0.58099,1
1.7755,0.072164,1
0.41302,1.8662,0
1.0684,1.7853,1
-1.2812,2.0201,1
1.9185,-0.014496,0
-0.3846,-0.28841,0
0.20947,2.0977,0
-0.20907,-0.1836,0
-0.057167,-0.22732,0
0.38376,0.86189,1
-0.72033,0.7742,1
0.87111,-1.5719,1
1.8804,0.35176,0
-0.27349,0.11939,1
0.41141,2.1859,0
0.29541,-0.84727,1
1.827,1.949,0
2.0142,1.8562,0
-0.62936,-1.1905,1
0.35954,-0.0014108,0
-0.23297,-0.018261,1
0.57445,0.91129,1
0.02843,0.073406,1
2.1762,1.4469,0
1.7786,1.1448,0
2.0172,0.65803,0
-1.1825,1.3318,1
0.72943,-1.0213,1
2.1724,1.3856,0
-0.11426,2.2068,0
1.7953,1.2914,0
-1.1305,-0.91763,1
0.35797,-0.23952,1
-0.028953,1.7771,1
-1.2889,-0.45781,1
-1.7775,-0.19635,1
0.013469,-0.23971,0
1.8068,0.6682,0
2.022,1.8529,0
-0.093209,-0.12776,1
1.8471,0.044478,0
0.024929,0.66281,1
0.023901,-0.086837,0
0.043795,1.8737,0
-0.27826,-0.088506,1
0.1205,1.6257,1
0.14988,-0.30903,0
-0.20961,0.18161,0
2.0569,1.0906,0
-0.32131,0.16794,0
0.22878,-2.9562,1
0.11987,2.1163,0
-3.004,-0.85971,1
-1.4053,1.7281,1
2.0682,0.33216,0
0.82615,-0.26698,1
1.8369,-0.69686,1
-0.30464,0.088137,0
2.2175,2.0758,0
-1.648,-0.87836,1
0.030104,-2.2305,1
-0.027143,-0.19588,1
2.2185,1.0461,0
-0.78151,1.3887,1
0.023909,0.85677,1
-1.5118,-0.21847,1
1.2125,-2.1991,1
-0.13565,-0.18056,0
-1.8162,1.0906,1
-0.46678,-1.2093,1
0.096835,0.14449,0
1.9508,2.8633,0
-0.032964,0.037204,0
1.6693,1.8346,0
1.2459,-0.5568,1
-0.15287,1.1034,1
0.48754,-0.62355,1
0.91996,-0.068458,1
0.19238,1.8057,0
0.59932,0.72023,1
0.026395,0.70636,1
1.9948,2.0293,0
0.22221,0.021424,0
-0.43599,-0.72116,1
0.4928,0.23291,1
0.17592,-0.36415,0
1.8193,-0.33997,0
2.1601,0.46705,0
1.9556,1.5424,0
-0.96648,-0.24799,1
2.0865,1.5386,0
1.389,-1.7613,1
0.1219,-0.18699,1
-0.1411,1.705,0
-1.2482,0.20699,1
1.5072,1.507,0
1.7362,0.78754,0
1.9301,0.074309,0
-0.14501,1.9816,0
1.7239,-0.11508,1
-1.0348,1.5211,1
-1.3895,1.8337,1
1.8346,0.60787,0
-0.65032,0.17658,1
0.058494,-0.012904,0
-1.9816,-0.99967,1
1.9015,-1.5848,1
-0.93226,1.6023,1
0.5084,0.017308,0
0.47896,-0.21312,0
0.13528,0.079701,0
-0.068569,-0.40316,1
0.87432,-1.5441,1
2.0296,0.7498,0
0.18484,1.2741,1
-0.1146,1.698,0
-0.33794,0.93752,1
0.21235,0.48344,1
1.724,1.3465,0
2.0797,1.4909,0
0.10533,0.65765,1
0.13726,1.9745,0
-0.071367,-0.81154,1
0.72606,0.49678,1
-0.4151,1.7157,0
1.8891,4.011,0
0.56485,0.10369,1
0.79634,0.43842,1
-0.88693,0.7112,1
-2.29,-0.2292,1
1.5786,0.11494,0
1.4521,-0.67008,1
-0.34962,-0.92569,1
2.3995,-0.41606,0
-1.107,0.14484,1
2.2423,2.6912,0
-0.56178,0.17009,0
0.50941,0.14913,1
-0.16461,-1.4637,1
0.18923,2.0485,0
0.028683,1.8919,0
-0.32909,-1.0716,1
-1.3374,-0.36981,1
0.13129,0.43439,0
1.2569,1.3871,1
2.4078,0.78424,0
-0.10865,2.1401,0
-0.67593,0.044628,1
1.6028,1.432,0
1.3585,0.19551,1
-0.88986,-0.4692,1
0.72788,0.50516,1
1.2506,-1.2206,1
2.1975,1.0399,0
0.07011,2.2441,0
-1.1712,0.48597,1
-0.87474,1.5699,1
-0.76372,-1.7681,1
1.9403,2.761,0
-1.1585,-0.43788,1
2.2912,1.1098,0
-0.12145,1.9989,0
2.0742,0.39812,0
-0.52464,0.55618,1
-0.12445,-0.77531,1
2.4175,1.2409,0
0.35791,-0.28818,1
-0.38927,0.48027,1
0.62383,2.4657,1
0.072865,1.7823,0
-0.055778,0.063376,0
2.2717,1.1955,0
3.3297,0.22299,1
1.1735,2.032,1
0.062495,2.1216,0
0.47869,-0.04123,1
-0.1569,1.9292,0
1.6843,1.4209,0
-0.22407,1.3426,1
-0.54311,-0.99236,1
-0.5145,-0.053345,1
0.22552,0.28264,1
0.088641,2.1495,0
-0.95936,-1.1443,1
0.027241,1.7252,0
1.0438,1.439,1
-0.79199,0.6844,1
-0.14194,2.1388,0
0.22909,1.7281,0
1.0077,1.2753,1
-0.26491,0.42384,1
2.0549,2.3172,0
2.1881,1.2208,1
1.3711,0.5087,1
2.3607,1.3448,0
1.8218,2.1639,0
-0.010194,-0.25412,0
2.1748,0.93188,0
-1.0005,-1.4424,1
-0.31346,-0.070448,0
-0.17416,-0.9017,1
-0.41216,0.12269,0
2.6188,1.0777,1
0.08418,2.0761,0
-0.029124,0.010333,0
0.15252,-1.207,1
-0.13796,-0.71471,1
-0.39797,1.0377,1
0.83803,1.05,1
0.28448,0.12759,0
2.2293,1.1479,0
0.15031,1.6863,0
1.8596,1.3952,0
0.099816,-0.83687,1
0.14972,-0.07117,1
0.15027,0.16038,0
1.1846,1.222,1
1.5455,1.3621,1
1.9331,0.73515,0
2.1426,0.48204,0
-0.17598,0.25165,0
0.28786,2.1965,0
-0.10888,-0.43071,0
-2.3327,-1.577,1
-0.078778,0.21644,0
2.4834,0.41077,1
0.16642,-0.71391,1
-0.5405,-0.38705,1
0.2484,0.1264,0
1.2636,1.6159,1
1.9757,0.56843,0
0.23827,-0.80967,1
-0.47396,-0.39071,1
2.0423,2.331,0
0.9546,0.95406,1
0.41485,-0.060769,1
0.58845,0.61269,1
-1.3611,0.0083001,1
-0.24641,-0.21798,0
2.027,0.99554,0
0.66086,1.6534,1
0.52922,1.9961,1
2.118,-0.2914,0
1.885,3.0612,0
-0.78201,-0.39528,1
-1.2742,0.40405,1
1.004,-0.37619,1
-0.42404,0.14958,1
-0.087986,0.18245,0
-0.28058,1.7232,1
-0.11586,2.0531,0
0.24114,0.10833,0
-0.97662,-0.097868,1
0.18504,1.8522,0
0.53146,0.14259,1
0.90933,-1.4358,1
0.42118,0.5322,1
0.045093,-0.35404,0
-0.86183,2.1761,1
0.47954,-0.085643,0
0.1737,2.0913,0
-0.39328,0.19597,1
-0.8426,-0.64724,1
0.37092,-0.60188,1
2.3119,2.2005,0
1.6043,1.2447,0
1.7258,1.4372,0
0.82451,1.16,1
0.17643,0.045336,0
1.8191,0.214,0
-0.24659,1.8841,0
0.72259,-0.9903,1
0.55176,2.1686,0
1.9001,1.0456,0
-1.7173,0.68206,1
-1.287,-0.53029,1
-0.42329,1.0078,1
-2.1618,0.56833,1
-0.86073,-1.0051,1
2.1703,1.0079,0
-0.87694,-0.7376,1
2.0783,1.1049,0
-0.13784,1.1383,1
0.64422,1.2264,1
2.1143,0.080494,0
1.9274,1.0963,0
0.22339,2.0025,0
-0.064949,2.3811,0
2.1216,0.91814,0
2.3049,1.3068,0
-0.02698,-0.25561,0
-1.4832,-0.43342,1
-0.18764,2.1095,0
0.28372,-0.46152,1
0.15511,0.42198,0
-0.58434,-0.33351,1
1.5519,-0.52211,1
1.9946,0.80412,0
-0.15188,0.17192,0
1.9608,2.2429,0
1.744,0.55994,0
0.90544,0.77226,1
-0.92386,-1.9564,1
1.9324,1.9375,0
1.8154,0.71143,0
-1.1885,-1.6911,1
1.3325,0.66511,1
-0.067558,1.6818,0
0.099331,1.8663,0
-1.1025,-0.58037,1
2.0262,1.3539,0
2.372,-0.078096,0
1.3386,-0.012357,1
0.75679,0.42406,1
-0.30983,1.8868,1
-0.27428,0.88064,1
0.23993,-0.23266,1
2.1673,1.01,0
2.048,1.3521,0
0.36673,-1.8099,1
1.8607,0.13636,0
1.6754,1.5065,0
-0.093177,1.9082,0
-0.62692,1.8608,1
0.0043477,2.0945,0
-0.54155,-0.90294,1
2.3299,0.84028,0
0.37057,1.7023,1
1.3021,-1.0736,1
1.152,-0.49996,1
2.1993,0.58995,0
-0.97499,-0.1131,1
0.4174,-0.13598,1
0.029091,1.6311,0
0.70126,-0.39429,1
1.9349,1.8531,0
0.85957,2.8072,1
-0.27723,1.8907,0
2.0756,2.0728,0
0.26719,0.22095,0
0.83921,-0.28438,1
0.10045,2.0651,0
-0.56434,-0.55104,1
-2.7602,-0.59247,1
-1.1805,-1.3239,1
2.0071,0.6022,0
-0.25792,0.30956,0
0.42693,-0.64155,1
-0.086866,1.9702,0
1.9887,0.18067,0
0.20292,0.26439,1
1.6897,1.3419,0
-0.93083,0.075039,1
-0.8508,-0.12108,1
1.9998,2.7262,0
0.076658,2.0025,0
0.37619,-0.72946,1
1.8971,0.94665,0
-0.95564,-2.6853,1
1.6596,-0.2011,0
2.2834,1.6627,0
2.6659,1.223,0
1.9737,-1.8065,1
-0.3353,-0.69445,1
-0.13839,-1.442,1
-0.006222,1.8433,0
2.5793,1.9068,0
0.56063,-0.67264,1
1.6874,0.26691,0
0.33476,-2.4717,1
2.4046,2.6874,0
-0.33586,1.7353,0
2.0431,-0.17581,0
-0.71828,-0.64699,1
-1.6274,0.40809,1
-0.091375,0.030118,0
1.9709,0.98652,0
1.873,0.47001,0
-0.12607,2.2134,0
-0.15835,0.14661,0
0.1211,2.303,0
-2.3222,2.0471,1
0.24566,2.2055,0
-0.54608,-1.619,1
1.9202,0.7996,0
0.084254,-0.054957,0
0.18849,1.2542,1
2.233,0.62585,0
-0.30862,-0.2551,0
0.21435,1.2484,1
-0.19112,2.0507,0
-0.21791,1.7403,0
0.17052,0.5005,1
0.96706,-0.23631,1
0.28654,-0.73596,1
1.7211,2.2666,0
1.8888,2.069,0
0.1557,1.853,0
-0.19734,0.58623,1
2.393,-0.6641,1
-1.6673,-0.18826,1
-0.74151,-0.23743,1
2.0216,-0.83879,0
1.829,2.2913,0
1.8054,1.2614,0
1.9162,0.87596,0
-0.42267,-0.43499,1
2.0175,3.1705,0
1.3992,0.14029,0
-2.0347,0.53494,1
0.18444,0.43056,0
-1.6535,0.83465,1
-0.14537,-0.013482,1
-0.041337,-0.11749,0
-0.51747,1.567,1
1.7472,0.72463,0
-0.00038828,-0.061937,0
-0.14335,1.1617,1
1.0759,1.2268,1
-0.22902,2.0392,0
-0.3566,-0.16448,0
-0.12867,1.9932,0
0.15023,0.031459,1
1.1228,-0.40468,1
0.75731,1.4207,1
1.7485,-0.31227,0
-0.075476,-0.10755,0
-0.038701,0.015987,0
-0.15953,0.53772,1
2.045,1.2967,0
1.1026,0.55532,1
0.38496,0.22112,0
-0.88173,-0.66322,1
0.072353,1.8525,0
0.096698,0.24515,1
-1.5936,-0.26657,1
-1.2535,-0.58095,1
-0.22498,1.2077,1
1.743,1.0224,0
-0.42587,2.0151,0
-0.36693,-0.57305,1
0.38068,0.44236,1
1.5245,-0.97461,1
-0.47227,0.42738,1
1.9813,0.92642,0
0.45409,0.073588,0
1.4562,0.10978,1
1.7739,-0.12606,0
1.736,0.3905,0
-0.18491,-0.92668,1
0.014402,2.4365,0
-0.51809,-0.56135,1
-0.28474,-1.0211,1
0.69562,0.99768,1
-0.14922,-0.12829,0
1.9985,0.1258,0
-0.24938,1.973,0
-0.066714,-0.34544,0
1.6479,0.81275,1
-2.4913,-1.251,1
0.17562,-0.12352,0
0.18282,0.1699,1
-2.107,-0.88506,1
2.3281,-0.82443,0
-2.1072,-0.31667,1
2.2664,-0.19079,0
0.81409,0.20072,1
0.40636,-1.6464,1
-0.24855,-0.81231,1
0.27472,1.3172,1
-0.22291,0.053596,0
-0.74961,0.52693,1
-0.050222,0.87126,1
-2.0346,-0.055705,1
2.1219,0.51957,0
0.80785,0.73943,1
0.20381,2.0119,0
0.47748,0.90153,1
-1.8728,-0.15067,1
0.13615,-0.086939,0
-0.00095699,-0.18594,0
0.2415,-0.91893,1
0.0023129,-0.18612,1
2.111,-0.22119,0
0.012943,2.1479,0
-0.010085,0.13376,0
0.18173,-0.044315,0
-0.55915,-0.074665,0
1.5914,-2.2437,1
-1.2654,-0.66323,1
-0.030842,2.3517,0
1.7268,1.737,0
1.8398,1.2099,0
-0.73613,0.16202,1
-0.37007,1.4382,1
1.8592,1.3531,0
-0.52899,0.098482,1
-0.70149,-1.6866,1
-0.54423,0.64905,1
-1.1717,0.024424,1
-0.17196,1.5801,0
1.1335,-0.55653,1
0.73618,0.17694,1
0.53891,-0.71707,1
0.42739,0.063117,1
-0.11922,2.0604,0
0.018636,0.56872,1
-1.2689,-0.2349,1
1.9989,-0.19077,0
1.8484,2.1549,0
0.45808,0.30032,0
1.4673,-0.66722,1
0.15967,-0.042582,0
-2.3568,0.68222,1
-0.049582,1.9127,0
0.71361,0.80561,1
-0.20316,1.532,0
-0.034697,-0.14927,0
0.065064,2.3436,0
-0.2066,0.11627,0
0.25167,1.3524,1
-0.051687,1.7994,1
2.0257,2.6617,0
-0.19015,1.8452,0
0.81499,0.082477,1
-1.1812,0.41175,1
1.9147,0.074267,0
2.0104,0.9289,0
1.8153,0.30507,0
0.3157,0.29593,0
-0.14168,1.8948,0
-1.1132,0.82905,1
0.45173,-0.52064,1
-0.19299,0.019947,0
-0.4889,-0.093602,1
0.46119,0.27179,1
1.9181,1.2145,0
1.007,-0.65796,1
0.5641,0.19373,0
0.31736,0.079429,0
0.88087,0.44687,1
0.57208,-1.2851,1
0.085143,0.076662,0
-0.37398,0.10059,1
1.4601,-0.68376,1
0.36903,0.01258,0
0.29028,-0.20417,0
0.53349,1.3542,1
2.155,0.2007,0
0.56966,1.4142,1
-0.46678,-0.33725,1
0.27415,-0.061622,0
-0.38421,1.6405,1
1.7693,1.3888,0
1.9008,1.2893,0
-0.11935,0.19453,1
2.0766,1.0995,0
-0.087069,0.24399,0
1.697,-0.46023,1
1.9863,2.2332,0
-0.062599,2.106,0
1.886,1.8913,0
2.1098,0.53503,0
-0.20982,0.082254,0
1.592,1.4497,0
1.9675,0.5653,0
-0.17727,1.8556,0
-1.4421,1.6502,1
1.6032,1.2219,0
0.57137,0.95036,1
-0.28872,1.9745,0
-0.93232,-0.04564,1
-0.019741,-0.10229,0
0.62458,-1.3236,1
-0.39882,-0.2004,1
-0.10945,2.2923,0
-0.19493,0.21547,0
-0.35003,0.25151,1
-0.60515,0.16365,1
-1.6594,-0.094747,1
1.8732,1.6267,0
1.9523,3.0906,0
0.029122,-0.29479,0
1.9594,0.56797,0
2.0435,1.7058,0
-0.415,0.83417,1
1.6593,1.1219,1
1.9804,1.0326,0
0.19114,0.72088,1
0.44271,1.509,1
1.8122,1.007,0
-0.0042811,-0.013552,0
-1.6036,-1.1034,1
0.089516,2.0378,0
2.445,1.7361,0
1.5131,0.23957,0
0.51961,-0.40885,1
0.66459,-0.99692,1
1.9823,0.0087384,0
2.0709,-0.56062,0
0.65212,0.17507,1
2.0936,1.8475,0
-0.56211,-1.5653,1
1.8979,0.33344,0
-0.69548,0.71152,1
-0.19462,-0.36628,1
0.48347,0.49762,1
0.26487,-1.142,1
-0.63258,-2.2532,1
-0.59817,-0.64824,1
-0.037269,-0.41611,1
0.13341,-0.61584,1
1.8713,2.5364,0
-0.23815,2.0557,0
1.9395,0.93989,0
-0.46627,1.9391,1
-0.14325,-0.29683,1
-0.059753,2.3073,0
-0.52669,0.28357,1
-0.84482,0.31438,1
2.213,1.7453,0
1.8431,0.70282,0
2.0353,0.6088,0
-0.033642,2.1094,0
0.61521,1.3227,1
-1.0721,-0.22395,1
0.055744,-0.81989,1
1.8609,0.95136,1
-0.57289,-1.2794,1
0.51383,-0.98432,1
-1.2952,0.66588,1
1.5051,-0.98961,0
-0.53714,-0.21107,1
0.53615,0.83615,1
0.0086478,0.072386,0
0.26107,-0.22509,0
-0.087885,-0.04175,0
1.9397,1.9736,0
-0.94082,-0.89601,1
-1.0558,0.048677,1
-0.45124,-1.1749,1
-0.11268,1.9328,0
1.687,0.9396,0
0.3997,-0.20331,0
-0.0053776,-1.1908,1
-0.038165,2.5605,0
2.4059,0.58127,1
-0.86839,-0.61264,1
0.093128,0.90458,1
-0.9599,0.11027,1
1.7772,1.0815,0
0.21562,0.4084,1
-0.039237,0.82643,1
1.97,1.4028,0
2.4955,0.43472,0
-0.12606,2.0592,0
0.25607,0.77333,1
2.1031,1.4298,0
-0.49812,-0.3064,1
2.1675,0.69853,0
-0.02808,2.1802,0
-0.14304,2.2666,0
1.9836,0.60886,0
-2.1836,0.79043,1
-0.89093,0.01863,1
0.14875,2.0784,0
-0.19381,1.5805,0
2.2602,-0.2306,0
1.9644,-0.86813,0
2.0488,-0.60876,0
1.9503,-0.21768,1
0.28984,-0.52127,1
-0.11313,1.9725,0
-0.97235,0.68995,1
1.9514,1.7245,0
1.8692,0.89445,0
0.96681,-0.65612,1
1.8445,1.4604,0
-0.13197,0.84398,1
1.5254,-0.37293,1
2.0888,-0.10562,0
-0.17837,2.0633,0
-0.18586,1.9803,0
2.1164,1.1048,0
2.0453,2.6194,0
0.024892,-0.2118,0
1.5394,1.2209,1
1.8854,0.64799,0
2.2133,0.52439,0
2.2753,3.0998,0
-0.088733,-0.058058,0
0.14971,-0.11548,0
1.4009,1.0459,1
0.83939,0.17832,1
-1.2126,0.50136,1
1.6534,1.7752,0
-0.39326,1.7203,1
-0.18997,1.5337,1
0.65238,-1.1479,1
-0.093674,-0.31958,1
0.055602,2.0695,0
2.0986,1.2329,0
-1.0284,-0.32521,1
-0.019524,2.308,0
-0.011754,2.0118,0
1.6503,2.4272,0
1.7364,0.62399,0
-0.037572,0.045294,0
1.95,-0.5478,1
-2.1727,0.90581,1
2.1934,0.34388,0
-1.5345,-0.94656,1
-0.40925,0.21453,1
-1.9839,0.22188,1
0.43154,2.5051,1
0.22638,2.0503,0
-0.15496,-0.1902,0
0.23623,-0.82788,1
-0.24402,0.20827,1
-0.302,0.8805,1
-0.2056,-0.042285,0
-1.4382,0.012405,1
0.3497,2.7655,1
-0.088211,-0.28229,1
-1.5815,-1.3793,1
-1.1178,-1.3836,1
0.20148,1.9877,0
1.6743,2.7462,0
-0.1141,2.4183,0
2.2296,1.6778,0
2.1073,-0.87236,0
-0.14969,-0.071293,0
-0.8491,1.6989,1
0.1651,1.9658,0
2.172,1.1646,0
0.31953,-0.82134,1
0.003775,0.31738,1
-0.23106,1.9445,0
0.11571,0.071661,0
-0.35984,-0.13297,0
1.0216,0.5613,1
1.9793,1.5654,0
-0.55436,3.011,1
0.19387,0.21886,1
-0.24874,2.22,0
1.3616,-0.89836,1
1.7087,0.35342,0
-1.0172,1.3024,1
0.16064,1.9264,0
-0.28394,-0.61425,1
1.7944,2.0738,0
-1.4071,0.089055,1
-0.28777,2.0489,0
2.2551,1.9574,0
-0.45955,1.1622,1
0.15228,0.24803,0
-0.19185,-0.1294,0
0.075774,-0.17658,0
0.067056,1.8815,0
1.6685,1.8562,0
-0.14538,-0.86619,1
-0.22263,2.089,0
2.231,3.4429,0
-0.13778,1.8542,0
-1.2484,1.1628,1
0.34562,1.2288,1
2.2161,-0.95796,1
2.0051,0.80539,0
1.4563,0.10505,1
0.49362,0.1007,1
-0.11201,2.0082,0
2.21,0.41885,0
0.65668,0.71989,1
2.3444,2.392,0
2.2376,-2.6399,0
2.053,-0.14198,0
1.9328,0.48893,0
-1.5492,-0.097509,1
-1.4564,-0.64658,1
0.05551,1.824,0
1.0382,1.1182,1
-0.36429,-0.74071,1
0.071744,-0.33248,0
1.2049,-0.85568,1
-0.2183,0.4158,1
-0.20716,0.088754,0
-0.62796,0.8776,1
0.076399,1.884,0
-0.24074,1.9886,0
1.0218,0.35595,1
0.026954,2.0706,0
-1.1245,-0.11061,1
1.9747,1.6241,0
0.11289,-1.4908,1
-0.20514,-0.19849,0
1.7083,0.84002,0
2.241,0.14432,0
-0.22747,1.8362,0
2.1358,0.24737,0
-0.057319,2.1487,0
-0.44662,-1.4978,1
0.81769,-0.61879,1
0.16218,-0.093464,0
0.048968,0.38954,0
-0.013233,1.8793,0
-0.31132,-0.31387,0
1.7529,0.12783,0
-0.27863,0.3299,1
-0.23724,1.6664,0
0.75069,0.21543,1
2.1005,2.5203,0
-0.47103,-1.238,1
-0.1461,2.2388,0
2.1317,2.1191,0
-0.095228,2.1029,0
0.28102,-0.67979,1
1.604,1.2034,0
0.27281,-0.35788,1
0.29759,-0.37209,1
2.0674,0.79765,0
2.064,0.71928,0
2.2702,1.6754,0
-0.082576,0.3464,0
-0.39098,0.18282,1
1.9911,1.9122,0
2.3579,1.4619,0
1.979,1.2722,0
0.16272,2.2065,0
-2.1858,0.19195,1
1.7871,1.8508,0
-0.2671,-1.4396,1
1.8926,0.78893,0
0.46864,0.92942,1
-0.48447,1.322,1
-0.18363,0.10985,0
-0.18001,1.8809,0
1.6401,0.89213,1
0.59097,-0.074952,1
2.2211,-0.54003,0
-0.094924,0.38217,1
2.0365,0.90953,0
2.2737,1.044,0
0.070731,1.7199,0
2.0903,1.9203,1
1.528,0.8368,1
2.2101,1.1066,0
0.10899,2.0148,0
0.94322,1.7079,1
-0.52632,-1.1702,1
1.8358,2.0246,0
-0.018017,2.1111,0
-0.31995,-0.26634,0
1.8509,1.7507,0
0.49949,-1.0503,1
2.2263,2.4767,0
2.0578,-0.3634,0
-0.33555,0.093019,0
0.18487,0.093782,0
0.49721,1.7258,1
1.9666,2.3506,0
0.14478,-0.20588,0
-1.0713,-1.0417,1
0.96488,0.40379,1
-0.86539,-0.67996,1
1.9795,1.8461,0
2.2031,1.362,0
-1.7993,1.701,1
-0.14856,1.9716,0
0.80332,1.9792,1
0.10045,-0.34187,0
-0.71352,1.0637,1
2.0855,1.3397,0
0.1231,2.2972,0
-0.23549,2.0116,0
0.28844,-0.46015,0
-0.2078,-0.20661,0
-0.17007,1.3254,0
2.7429,-1.6219,1
-0.01069,0.97045,1
-0.22735,-0.22286,1
-0.38819,-0.030266,1
1.7793,0.66938,0
-0.95982,1.5669,1
0.25924,0.17005,0
-0.10264,2.0222,0
-0.32414,1.9738,0
-1.0933,-1.0536,1
2.2342,0.99036,0
-1.0584,0.57917,1
-0.47062,-0.47354,1
-1.4535,-0.12675,1
-0.49773,1.3559,1
1.9688,1.2634,0
-0.89837,-0.025642,1
-0.56821,0.61927,1
-0.98558,0.85151,1
1.0852,-0.12779,1
0.16271,0.31301,0
-0.1928,0.31276,1
0.78214,-1.3903,1
-0.30156,0.9736,1
-0.52912,1.9663,1
-0.15507,0.98065,1
-0.08912,-0.1595,0
0.48736,-0.55362,1
0.66936,-0.90816,1
0.19201,0.13558,1
1.8227,2.2316,0
-1.6702,1.2626,1
1.937,1.0781,0
-0.19154,-0.00080554,0
0.33363,-0.18332,0
-0.11496,0.44797,1
-0.66199,0.24266,1
2.1738,1.5429,0
2.0732,0.45185,0
2.1391,1.9977,0
0.58422,0.47257,1
-0.27213,-0.25251,0
-0.82408,0.90438,1
-0.012301,2.3622,0
1.7553,-0.37822,1
-1.1394,-1.5061,1
2.4223,2.4442,0
-0.13878,-1.4884,1
-0.28587,1.8453,0
-0.41963,-0.45416,1
2.2347,3.032,0
0.11111,-0.22622,0
0.84919,-0.063367,1
0.19736,-1.3767,1
0.052226,0.019631,0
1.9857,0.18846,0
0.1916,-0.6004,1
0.026579,-1.5443,1
0.096338,-0.0079765,0
1.8486,0.1493,0
0.054945,2.164,0
-0.17781,-0.21148,1
1.712,-0.45727,1
-0.45782,-0.022055,1
0.10347,2.0105,0
2.0937,1.9294,0
2.2577,1.1591,0
1.7464,1.3003,0
1.8684,0.53734,0
1.7309,1.2805,0
2.0398,1.0968,0
-0.29328,0.13627,1
-0.58738,-0.15041,1
-0.73703,0.49261,1
-0.95645,0.083844,1
-0.28942,-0.30693,1
2.2266,3.4761,0
-0.75539,0.27293,1
2.4271,1.9476,0
-0.15965,-0.2071,0
-0.014589,-1.0592,1
1.9542,2.0069,0
